uID,year_scrubbed,year_shut,FacID,Facility.Latitude,Facility.Longitude,State
10.1,,2017,10,32.6017,-87.7811,AL
10.2,,2017,10,32.6017,-87.7811,AL
1001.1,2008,,1001,39.9239,-87.4272,IN
1001.2,2008,,1001,39.9239,-87.4272,IN
10017.2,2007,,10017,37.5392,-76.8053,VA
10025.1E,,2007,10025,43.1969,-77.6289,NY
10025.1F,,2007,10025,43.1969,-77.6289,NY
10025.2C,,2007,10025,43.1969,-77.6289,NY
10025.3A,,2014,10025,43.1969,-77.6289,NY
10025.3B,,2018,10025,43.1969,-77.6289,NY
10025.4A,,2018,10025,43.1969,-77.6289,NY
10025.4B,,2018,10025,43.1969,-77.6289,NY
10030.1,,2013,10030,39.1467,-75.5461,DE
1004.7.1,,2011,1004,38.8067,-87.2472,IN
1004.7.2,,2011,1004,38.8067,-87.2472,IN
1004.8.1,,2011,1004,38.8067,-87.2472,IN
1004.CTG1,,,1004,38.8067,-87.2472,IN
1004.CTG2,,,1004,38.8067,-87.2472,IN
10043.1001,1999,,10043,39.7914,-75.4081,NJ
1007.1,,2003,1007,40.0969,-85.9714,IN
1007.2,,2003,1007,40.0969,-85.9714,IN
1007.3,,2003,1007,40.0969,-85.9714,IN
10071.BLR01A,2008,2019,10071,36.8703,-76.3519,VA
10071.BLR01B,2008,2019,10071,36.8703,-76.3519,VA
10071.BLR01C,2008,2019,10071,36.8703,-76.3519,VA
10071.BLR02A,2007,2019,10071,36.8703,-76.3519,VA
10071.BLR02B,2007,2019,10071,36.8703,-76.3519,VA
10071.BLR02C,2007,2019,10071,36.8703,-76.3519,VA
10075.1,2008,,10075,47.5314,-90.9111,MN
10075.2,2007,,10075,47.5314,-90.9111,MN
10075.3,,2015,10075,47.5314,-90.9111,MN
1008.1,,2012,1008,38.2636,-85.8381,IN
1008.2,2010,2021,1008,38.2636,-85.8381,IN
1008.3,,2012,1008,38.2636,-85.8381,IN
1008.4,2010,2021,1008,38.2636,-85.8381,IN
1010.2,,2016,1010,39.53,-87.4247,IN
1010.3,,2016,1010,39.53,-87.4247,IN
1010.4,,2016,1010,39.53,-87.4247,IN
1010.5,,2016,1010,39.53,-87.4247,IN
1010.6,,2016,1010,39.53,-87.4247,IN
10111.EUBHB9,2008,2017,10111,42.6603,-83.2983,MI
10113.31,1999,,10113,40.79,-76.1984,PA
10113.32,1999,,10113,40.79,-76.1984,PA
10114.B101,,2007,10114,41.0489,-81.4736,OH
10114.B102,,2006,10114,41.0489,-81.4736,OH
1012.1,,2006,1012,37.91,-87.3267,IN
1012.2,1996,,1012,37.91,-87.3267,IN
1012.3,1996,,1012,37.91,-87.3267,IN
10143.AAB01,1999,,10143,40.55,-78.8,PA
10151.1A,2003,,10151,39.5611,-80.1642,WV
10151.1B,2003,,10151,39.5611,-80.1642,WV
10244.B001,,2005,10244,39.3265,-82.9744,OH
10244.B002,,2017,10244,39.3265,-82.9744,OH
10244.B003,,2017,10244,39.3265,-82.9744,OH
10252.9,2003,2006,10252,36.5489,-82.5667,TN
10321.8,,2006,10321,36.1542,-83.2042,TN
10321.9,,2006,10321,36.1542,-83.2042,TN
10328.UNIT1,,2017,10328,42.7178,-84.4836,MI
10328.UNIT2,,2017,10328,42.7178,-84.4836,MI
10328.UNIT3,,2017,10328,42.7178,-84.4836,MI
10328.UNIT4,2003,2018,10328,42.7178,-84.4836,MI
10333.1,2008,2014,10333,28.5814,-82.4303,FL
10343.SG.101,1999,,10343,40.8092,-76.4539,PA
10377.BLR01A,2007,2019,10377,37.2939,-77.2697,VA
10377.BLR01B,2007,2019,10377,37.2939,-77.2697,VA
10377.BLR01C,2007,2019,10377,37.2939,-77.2697,VA
10377.BLR02A,2008,2019,10377,37.2939,-77.2697,VA
10377.BLR02B,2008,2019,10377,37.2939,-77.2697,VA
10377.BLR02C,2008,2019,10377,37.2939,-77.2697,VA
10378.BLR01A,,2011,10378,33.9444,-78.0125,NC
10378.BLR01B,,2011,10378,33.9444,-78.0125,NC
10378.BLR01C,,2011,10378,33.9444,-78.0125,NC
10378.BLR02A,,2011,10378,33.9444,-78.0125,NC
10378.BLR02B,,2011,10378,33.9444,-78.0125,NC
10378.BLR02C,,2011,10378,33.9444,-78.0125,NC
10379.BLR01A,,2011,10379,36.435,-78.9619,NC
10379.BLR01B,,2011,10379,36.435,-78.9619,NC
10379.BLR01C,,2011,10379,36.435,-78.9619,NC
10380.UNIT1,,2018,10380,34.6474,-78.6407,NC
10380.UNIT2,,2018,10380,34.6474,-78.6407,NC
10382.UNIT1,2006,2016,10382,34.59,-78.9968,NC
10382.UNIT2,,2016,10382,34.59,-78.9968,NC
10384.BLR01A,2006,2019,10384,36.0378,-77.7542,NC
10384.BLR01B,2006,2019,10384,36.0378,-77.7542,NC
10384.BLR02A,2006,2019,10384,36.0378,-77.7542,NC
10384.BLR02B,2006,2019,10384,36.0378,-77.7542,NC
1040.1,,,1040,39.8028,-84.8953,IN
1040.2,2005,,1040,39.8028,-84.8953,IN
1043.1SG1,,2015,1043,38.5201,-87.2662,IN
1043.2SG1,,2015,1043,38.5201,-87.2662,IN
1046.1,,2012,1046,42.506,-90.6527,IA
1046.5,,2012,1046,42.506,-90.6527,IA
1046.6,,2012,1046,42.506,-90.6527,IA
10464.E0001,1999,2014,10464,44.0361,-75.7712,NY
10464.E0002,1999,2014,10464,44.0361,-75.7712,NY
10464.E0003,1999,2014,10464,44.0361,-75.7712,NY
1047.1,,2011,1047,43.3359,-91.1672,IA
1047.2,,2011,1047,43.3359,-91.1672,IA
1047.3,,2013,1047,43.3359,-91.1672,IA
1047.4,2015,,1047,43.3359,-91.1672,IA
1048.2,,2016,1048,41.8081,-90.2345,IA
10566.1001,1999,,10566,39.6928,-75.4867,NJ
10566.1002,1999,,10566,39.6928,-75.4867,NJ
1058.2,,2011,1058,41.9839,-91.6686,IA
1058.3,,2011,1058,41.9839,-91.6686,IA
1058.4,,2011,1058,41.9839,-91.6686,IA
1058.5,,2011,1058,41.9839,-91.6686,IA
10603.31,1999,,10603,40.455,-78.7472,PA
10628.37,,2002,10628,42.145,-80.055,PA
10641.1,1999,2019,10641,40.4748,-78.7021,PA
10641.2,1999,2019,10641,40.4748,-78.7021,PA
10671.1A,2015,,10671,35.1931,-94.6458,OK
10671.1B,2015,,10671,35.1931,-94.6458,OK
10671.2A,2015,,10671,35.1931,-94.6458,OK
10671.2B,2015,,10671,35.1931,-94.6458,OK
10672.CBA,2008,2017,10672,30.4219,-81.6079,FL
10672.CBB,2008,2017,10672,30.4219,-81.6079,FL
10672.CBC,2008,2017,10672,30.4219,-81.6079,FL
10675.UNITA,1999,2012,10675,41.4282,-72.1005,CT
10675.UNITB,1999,2012,10675,41.4282,-72.1005,CT
10676.32,1999,2015,10676,40.6558,-80.3556,PA
10676.33,1999,2015,10676,40.6558,-80.3556,PA
10676.34,1999,2015,10676,40.6558,-80.3556,PA
10676.35,1999,2015,10676,40.6558,-80.3556,PA
10678.1,2000,,10678,39.5944,-78.7456,MD
1073.3,,,1073,41.9439,-91.6386,IA
1073.4,,2018,1073,41.9439,-91.6386,IA
10743.CFB1,2003,2021,10743,39.6397,-79.9606,WV
10743.CFB2,2003,2021,10743,39.6397,-79.9606,WV
1077.1,,2013,1077,42.0472,-92.8627,IA
1077.2,,2011,1077,42.0472,-92.8627,IA
1077.3,,2013,1077,42.0472,-92.8627,IA
10771.1,2001,2014,10771,37.2969,-77.2833,VA
10771.2,2001,2014,10771,37.2969,-77.2833,VA
10773.1,2001,2014,10773,37.1183,-79.2726,VA
10773.2,2001,2014,10773,37.1183,-79.2726,VA
10774.1,2001,2014,10774,36.6525,-76.9953,VA
10774.2,2001,2014,10774,36.6525,-76.9953,VA
10797.OP1,,2010,10797,36.2756,-86.6644,TN
10797.OP3,,2010,10797,36.2756,-86.6644,TN
108.SGU1,1997,,108,37.9306,-100.9725,KS
1081.9,,2016,1081,41.5404,-90.4483,IA
1082.1,,2015,1082,41.18,-95.8408,IA
1082.2,,2015,1082,41.18,-95.8408,IA
1082.3,2009,,1082,41.18,-95.8408,IA
1082.4,2007,,1082,41.18,-95.8408,IA
10849.PB1,,2010,10849,47.286,-91.26,MN
10849.PB2,,2010,10849,47.286,-91.26,MN
10865.FBC1,2003,,10865,39.8675,-88.885,IL
10865.FBC2,2003,,10865,39.8675,-88.885,IL
10865.FBC3,2003,,10865,39.8675,-88.885,IL
10865.FBC4,2003,,10865,39.8675,-88.885,IL
10865.FBC5,2003,,10865,39.8675,-88.885,IL
10865.FBC6,2003,,10865,39.8675,-88.885,IL
10865.FBC7,2003,,10865,39.8675,-88.885,IL
10865.FBC8,2003,,10865,39.8675,-88.885,IL
10865.FBC9,2003,,10865,39.8675,-88.885,IL
10867.123.08,2003,,10867,39.8466,-88.9261,IL
10867.123.09,2003,,10867,39.8466,-88.9261,IL
1091.1,,2016,1091,42.3251,-96.3797,IA
1091.2,,2016,1091,42.3251,-96.3797,IA
1091.3,2014,,1091,42.3251,-96.3797,IA
1104.1,,,1104,40.7412,-91.1168,IA
1122.7,,2017,1122,42.0247,-93.6069,IA
1122.8,,2016,1122,42.0247,-93.6069,IA
113.1,1997,,113,34.9394,-110.3033,AZ
113.2,1997,2015,113,34.9394,-110.3033,AZ
113.3,2009,,113,34.9394,-110.3033,AZ
113.4,2008,2021,113,34.9394,-110.3033,AZ
1131.7,,,1131,42.5267,-92.4394,IA
1167.8,,,1167,41.3917,-91.0569,IA
1167.9,1997,,1167,41.3917,-91.0569,IA
1175.6,,2012,1175,41.3981,-92.9144,IA
1175.7,,2012,1175,41.3981,-92.9144,IA
1217.1,,2015,1217,43.1606,-95.2569,IA
1218.2,,2013,1218,41.4569,-90.8233,IA
1239.39,,2013,1239,37.0719,-94.6986,KS
1239.40,,2013,1239,37.0719,-94.6986,KS
1241.1,2000,,1241,38.3472,-94.6389,KS
1241.2,2014,,1241,38.3472,-94.6389,KS
1250.3,,2016,1250,39.0072,-95.2692,KS
1250.4,1997,,1250,39.0072,-95.2692,KS
1250.5,1997,,1250,39.0072,-95.2692,KS
1252.10,,2016,1252,39.0522,-95.5669,KS
1252.9,,2018,1252,39.0522,-95.5669,KS
126.4,,2017,126,32.16,-110.9047,AZ
127.1,1997,2021,127,34.0825,-99.1753,TX
1294.2,,2009,1294,39.0864,-94.6514,KS
1295.1,,2016,1295,39.1486,-94.6405,KS
1295.2,,2016,1295,39.1486,-94.6405,KS
130.1,1997,,130,33.3692,-80.1119,SC
130.2,1997,,130,33.3692,-80.1119,SC
130.3,2006,,130,33.3692,-80.1119,SC
130.4,2008,,130,33.3692,-80.1119,SC
1353.BSU1,,2016,1353,38.1707,-82.6176,KY
1353.BSU2,,2016,1353,38.1707,-82.6176,KY
1355.1,2010,2019,1355,37.7889,-84.7139,KY
1355.2,2010,2019,1355,37.7889,-84.7139,KY
1355.3,2010,,1355,37.7889,-84.7139,KY
1356.1,1996,,1356,38.7497,-85.035,KY
1356.2,2009,,1356,38.7497,-85.035,KY
1356.3,2007,,1356,38.7497,-85.035,KY
1356.4,2008,,1356,38.7497,-85.035,KY
1357.1,1997,2005,1357,37.3636,-87.1214,KY
1357.2,1997,2005,1357,37.3636,-87.1214,KY
1357.3,1997,2005,1357,37.3636,-87.1214,KY
1357.4,,2015,1357,37.3636,-87.1214,KY
1357.5,,2015,1357,37.3636,-87.1214,KY
136.1,1997,,136,29.7333,-81.6339,FL
136.2,1997,,136,29.7333,-81.6339,FL
1360.3,,2002,1360,36.7967,-83.7614,KY
1361.5,,2013,1361,38.0478,-84.8483,KY
1363.4,1997,2015,1363,38.1828,-85.8894,KY
1363.5,1997,2015,1363,38.1828,-85.8894,KY
1363.6,1997,2015,1363,38.1828,-85.8894,KY
1364.1,1997,,1364,38.0531,-85.91,KY
1364.2,1997,,1364,38.0531,-85.91,KY
1364.3,1997,,1364,38.0531,-85.91,KY
1364.4,1997,,1364,38.0531,-85.91,KY
1372.6,,2008,1372,37.8453,-87.5912,KY
1374.1,1996,2020,1374,37.7958,-87.0597,KY
1374.2,1996,2020,1374,37.7958,-87.0597,KY
1378.1,1997,2017,1378,37.2608,-86.9783,KY
1378.2,1997,2017,1378,37.2608,-86.9783,KY
1378.3,2006,2021,1378,37.2608,-86.9783,KY
1379.1,2017,,1379,37.1517,-88.775,KY
1379.10,1996,2014,1379,37.1517,-88.775,KY
1379.2,,,1379,37.1517,-88.775,KY
1379.3,,,1379,37.1517,-88.775,KY
1379.4,2017,,1379,37.1517,-88.775,KY
1379.5,,,1379,37.1517,-88.775,KY
1379.6,,,1379,37.1517,-88.775,KY
1379.7,,,1379,37.1517,-88.775,KY
1379.8,,,1379,37.1517,-88.775,KY
1379.9,,,1379,37.1517,-88.775,KY
1381.C1,2005,2020,1381,37.9628,-86.7917,KY
1381.C2,2005,2020,1381,37.9628,-86.7917,KY
1381.C3,2005,2020,1381,37.9628,-86.7917,KY
1382.H1,1996,2019,1382,37.6472,-87.5028,KY
1382.H2,1996,2019,1382,37.6472,-87.5028,KY
1383.R1,,2020,1383,37.6467,-87.5033,KY
1384.1,2015,,1384,37,-84.5917,KY
1384.2,2012,,1384,37,-84.5917,KY
1385.1,,2015,1385,37.8807,-84.2634,KY
1385.2,,2015,1385,37.8807,-84.2634,KY
1385.3,,2016,1385,37.8807,-84.2634,KY
1385.4,,2016,1385,37.8807,-84.2634,KY
1393.6,,,1393,30.2861,-93.2917,LA
1552.1,,2018,1552,39.3269,-76.365,MD
1552.2,,2018,1552,39.3269,-76.365,MD
1554.2,,,1554,39.1781,-76.5268,MD
1554.3,,,1554,39.1781,-76.5268,MD
1570.11,,2013,1570,39.595,-77.8269,MD
1570.9,,2013,1570,39.595,-77.8269,MD
1571.1,2009,2021,1571,38.5444,-76.6861,MD
1571.2,2009,2021,1571,38.5444,-76.6861,MD
1572.1,2009,2020,1572,39.2086,-77.4644,MD
1572.2,2009,2020,1572,39.2086,-77.4644,MD
1572.3,2009,2020,1572,39.2086,-77.4644,MD
1573.1,2009,,1573,38.3592,-76.9767,MD
1573.2,2009,,1573,38.3592,-76.9767,MD
160.2,1997,2019,160,32.0619,-109.8931,AZ
160.3,1997,,160,32.0619,-109.8931,AZ
1606.1,,2014,1606,42.2814,-72.6053,MA
1613.8,,2011,1613,41.737,-71.146,MA
1619.1,2008,2017,1619,41.7125,-71.1914,MA
1619.2,2008,2017,1619,41.7125,-71.1914,MA
1619.3,2013,2017,1619,41.7125,-71.1914,MA
1626.1,,2014,1626,42.5267,-70.8792,MA
1626.2,,2014,1626,42.5267,-70.8792,MA
1626.3,,2014,1626,42.5267,-70.8792,MA
165.1,,,165,36.1906,-95.2889,OK
165.2,1997,,165,36.1906,-95.2889,OK
1695.4,,2016,1695,43.2542,-86.2417,MI
1695.5,,2016,1695,43.2542,-86.2417,MI
1702.1,2014,,1702,43.6425,-83.8431,MI
1702.2,2015,,1702,43.6425,-83.8431,MI
1710.1,2016,,1710,42.9103,-86.2036,MI
1710.2,2016,,1710,42.9103,-86.2036,MI
1710.3,2016,,1710,42.9103,-86.2036,MI
1720.7,,2016,1720,43.6425,-83.8431,MI
1720.8,,2016,1720,43.6425,-83.8431,MI
1723.1,,2016,1723,41.7917,-83.4486,MI
1723.2,,2016,1723,41.7917,-83.4486,MI
1723.3,,2016,1723,41.7917,-83.4486,MI
1731.1,,2015,1731,43.8519,-82.6436,MI
1732.10,,2009,1732,42.9258,-82.4606,MI
1732.11,,2009,1732,42.9258,-82.4606,MI
1732.12,,2009,1732,42.9258,-82.4606,MI
1732.9,,2009,1732,42.9258,-82.4606,MI
1733.1,2013,,1733,41.8917,-83.3461,MI
1733.2,2014,,1733,41.8917,-83.3461,MI
1733.3,2009,,1733,41.8917,-83.3461,MI
1733.4,2009,,1733,41.8917,-83.3461,MI
1740.2,,2016,1740,42.2733,-83.1131,MI
1740.3,,2021,1740,42.2733,-83.1131,MI
1743.1,,2019,1743,42.7642,-82.4719,MI
1743.2,,,1743,42.7642,-82.4719,MI
1743.3,,,1743,42.7642,-82.4719,MI
1743.4,,2017,1743,42.7642,-82.4719,MI
1743.6,,,1743,42.7642,-82.4719,MI
1743.7,,,1743,42.7642,-82.4719,MI
1745.16,,2016,1745,42.1236,-83.1811,MI
1745.17,,2016,1745,42.1236,-83.1811,MI
1745.18,,2016,1745,42.1236,-83.1811,MI
1745.19,,2016,1745,42.1236,-83.1811,MI
1745.9A,,,1745,42.1236,-83.1811,MI
1769.2,,2007,1769,46.5789,-87.395,MI
1769.3,,2009,1769,46.5789,-87.395,MI
1769.4,,2009,1769,46.5789,-87.395,MI
1769.5,,2019,1769,46.5789,-87.395,MI
1769.6,,2019,1769,46.5789,-87.395,MI
1769.7,,2019,1769,46.5789,-87.395,MI
1769.8,,2019,1769,46.5789,-87.395,MI
1769.9,,2019,1769,46.5789,-87.395,MI
1825.3,1997,2020,1825,43.0722,-86.2342,MI
1830.5,,2017,1830,42.7956,-86.1133,MI
1831.1,,2021,1831,42.7183,-84.5586,MI
1831.2,,2014,1831,42.7183,-84.5586,MI
1831.3,,2021,1831,42.7183,-84.5586,MI
1831.4,,2021,1831,42.7183,-84.5586,MI
1831.5,,2021,1831,42.7183,-84.5586,MI
1831.6,,2021,1831,42.7183,-84.5586,MI
1832.1,,,1832,42.6919,-84.6572,MI
1843.3,1997,2019,1843,46.5314,-87.3917,MI
1866.7,,2013,1866,42.2081,-83.1453,MI
1866.8,1997,2016,1866,42.2081,-83.1453,MI
1891.1,,2016,1891,47.5306,-92.1619,MN
1891.2,,2016,1891,47.5306,-92.1619,MN
1893.1,,2018,1893,47.2603,-93.6531,MN
1893.2,,2018,1893,47.2603,-93.6531,MN
1893.3,2009,,1893,47.2603,-93.6531,MN
1893.4,1997,,1893,47.2603,-93.6531,MN
1904.1,,2001,1904,44.8108,-93.2501,MN
1904.2,,2001,1904,44.8108,-93.2501,MN
1904.3,,2015,1904,44.8108,-93.2501,MN
1904.4,,2015,1904,44.8108,-93.2501,MN
1912.3,,2007,1912,44.9331,-93.1075,MN
1912.4,,2007,1912,44.9331,-93.1075,MN
1912.5,,2007,1912,44.9331,-93.1075,MN
1912.6,,2007,1912,44.9331,-93.1075,MN
1915.1,2007,,1915,45.03,-92.7786,MN
1918.4,,2009,1918,44.8028,-95.5267,MN
1927.6,,2008,1927,45.0203,-93.2753,MN
1927.7,,2008,1927,45.0203,-93.2753,MN
1927.8,,2009,1927,45.0203,-93.2753,MN
1943.2,,2021,1943,46.29,-96.0428,MN
1943.3,,2021,1943,46.29,-96.0428,MN
1961.NEPP,,2014,1961,43.7014,-92.9626,MN
2008.4,2008,2014,2008,44.0281,-92.4597,MN
2049.4,,2016,2049,30.4408,-89.0265,MS
2049.5,,2016,2049,30.4408,-89.0265,MS
207.1,1997,2018,207,30.4311,-81.5508,FL
207.2,1997,2018,207,30.4311,-81.5508,FL
2076.1,2014,2020,2076,37.3596,-94.5913,MO
2079.5,1996,2000,2079,39.1306,-94.4778,MO
2079.5A,2001,,2079,39.1306,-94.4778,MO
2080.1,,2017,2080,38.3108,-93.9331,MO
2080.2,,2019,2080,38.3108,-93.9331,MO
2080.3,,2019,2080,38.3108,-93.9331,MO
2094.1,,2019,2094,39.1778,-94.1861,MO
2094.2,,2019,2094,39.1778,-94.1861,MO
2094.3,,2019,2094,39.1778,-94.1861,MO
2098.6,,2017,2098,39.7246,-94.8773,MO
2103.1,,,2103,38.5583,-90.8361,MO
2103.2,,,2103,38.5583,-90.8361,MO
2103.3,,,2103,38.5583,-90.8361,MO
2103.4,,,2103,38.5583,-90.8361,MO
2104.1,,2017,2104,38.4017,-90.3358,MO
2104.2,,2017,2104,38.4017,-90.3358,MO
2104.3,,,2104,38.4017,-90.3358,MO
2104.4,,,2104,38.4017,-90.3358,MO
2107.1,2010,,2107,38.9158,-90.2917,MO
2107.2,2010,,2107,38.9158,-90.2917,MO
2123.6,,,2123,38.9658,-92.3175,MO
2123.7,,,2123,38.9658,-92.3175,MO
2132.3,,2016,2132,39.0919,-94.3261,MO
2161.3,,2016,2161,37.1086,-93.2592,MO
2161.4,,2016,2161,37.1086,-93.2592,MO
2161.5,,2016,2161,37.1086,-93.2592,MO
2167.1,,,2167,36.5147,-89.5617,MO
2167.2,,,2167,36.5147,-89.5617,MO
2168.MB1,,,2168,39.5531,-92.6392,MO
2168.MB2,,,2168,39.5531,-92.6392,MO
2168.MB3,,,2168,39.5531,-92.6392,MO
2169.2,,2016,2169,38.6853,-91.7556,MO
2187.2,,2015,2187,45.7747,-108.4803,MT
2240.8,2015,,2240,41.4275,-96.4619,NE
2277.1,,,2277,40.5589,-96.7842,NE
2277.2,,,2277,40.5589,-96.7842,NE
2291.1,,2017,2291,41.3297,-95.9458,NE
2291.2,,2017,2291,41.3297,-95.9458,NE
2291.3,,2017,2291,41.3297,-95.9458,NE
2291.4,,,2291,41.3297,-95.9458,NE
2291.5,,,2291,41.3297,-95.9458,NE
2324.1,1997,2015,2324,36.6531,-114.6364,NV
2324.2,1997,2015,2324,36.6531,-114.6364,NV
2324.3,1997,2015,2324,36.6531,-114.6364,NV
2324.4,1997,2017,2324,36.6531,-114.6364,NV
2341.1,,2010,2341,35.1458,-114.5917,NV
2341.2,,2010,2341,35.1458,-114.5917,NV
2364.1,2011,,2364,43.1411,-71.4692,NH
2364.2,2011,,2364,43.1411,-71.4692,NH
2367.4,,,2367,43.0978,-70.7842,NH
2367.5,2006,2007,2367,43.0978,-70.7842,NH
2367.6,,,2367,43.0978,-70.7842,NH
2378.1,,2014,2378,39.29,-74.6339,NJ
2378.2,1996,2019,2378,39.29,-74.6339,NJ
2384.8,,2011,2384,39.6747,-75.5015,NJ
2403.2,2010,2017,2403,40.7478,-74.0719,NJ
2408.1,2010,2017,2408,40.1797,-74.7325,NJ
2408.2,2010,2017,2408,40.1797,-74.7325,NJ
2434.6001,,2011,2434,39.4889,-75.0347,NJ
2442.1,1997,2014,2442,36.69,-108.4814,NM
2442.2,1997,2014,2442,36.69,-108.4814,NM
2442.3,1997,2014,2442,36.69,-108.4814,NM
2442.4,1997,,2442,36.69,-108.4814,NM
2442.5,1997,,2442,36.69,-108.4814,NM
2451.1,1998,,2451,36.8006,-108.4386,NM
2451.2,1998,2018,2451,36.8006,-108.4386,NM
2451.3,1998,2018,2451,36.8006,-108.4386,NM
2451.4,1998,,2451,36.8006,-108.4386,NM
2480.3,,2015,2480,41.573,-73.9646,NY
2480.4,,2015,2480,41.573,-73.9646,NY
2526.11,,2009,2526,42.1117,-75.9747,NY
2526.12,,2009,2526,42.1117,-75.9747,NY
2526.13,2008,2014,2526,42.1117,-75.9747,NY
2527.4,,2011,2527,42.6789,-76.9483,NY
2527.5,,2011,2527,42.6789,-76.9483,NY
2527.6,2007,2018,2527,42.6789,-76.9483,NY
2529.1,,2007,2529,42.1231,-76.9831,NY
2529.2,,2007,2529,42.1231,-76.9831,NY
2529.3,,2007,2529,42.1231,-76.9831,NY
2529.4,,2007,2529,42.1231,-76.9831,NY
2531.1,,2007,2531,42.2768,-75.4792,NY
2531.2,,2007,2531,42.2768,-75.4792,NY
2531.3,,2007,2531,42.2768,-75.4792,NY
2531.4,,2007,2531,42.2768,-75.4792,NY
2535.1,,,2535,42.6028,-76.6336,NY
2535.2,,,2535,42.6028,-76.6336,NY
2549.63,,2006,2549,42.97,-78.93,NY
2549.64,,2006,2549,42.97,-78.93,NY
2549.65,,2007,2549,42.97,-78.93,NY
2549.66,,2007,2549,42.97,-78.93,NY
2549.67,,2018,2549,42.97,-78.93,NY
2549.68,,2018,2549,42.97,-78.93,NY
2554.1,,2020,2554,42.49,-79.35,NY
2554.2,,2020,2554,42.49,-79.35,NY
2554.3,,2020,2554,42.49,-79.35,NY
2554.4,,2020,2554,42.49,-79.35,NY
26.1,,2017,26,33.2442,-86.4567,AL
26.2,,2017,26,33.2442,-86.4567,AL
26.3,,2017,26,33.2442,-86.4567,AL
26.4,,2017,26,33.2442,-86.4567,AL
26.5,2010,,26,33.2442,-86.4567,AL
2629.4,,2008,2629,41.2578,-73.9797,NY
2629.5,,2008,2629,41.2578,-73.9797,NY
2640.12,,1999,2640,43.1617,-77.6186,NY
2642.1,,2008,2642,43.2689,-77.6294,NY
2642.2,,2008,2642,43.2689,-77.6294,NY
2642.3,,2008,2642,43.2689,-77.6294,NY
2642.4,,2008,2642,43.2689,-77.6294,NY
2682.10,,2013,2682,42.0917,-79.2417,NY
2682.11,,2013,2682,42.0917,-79.2417,NY
2682.12,,2014,2682,42.0917,-79.2417,NY
2682.9,,2015,2682,42.0917,-79.2417,NY
2706.1,2005,2020,2706,35.4714,-82.5431,NC
2706.2,2006,2020,2706,35.4714,-82.5431,NC
2708.5,,2012,2708,35.595,-79.0492,NC
2708.6,,2012,2708,35.595,-79.0492,NC
2709.1,,2012,2709,35.3775,-78.0875,NC
2709.2,,2012,2709,35.3775,-78.0875,NC
2709.3,,2012,2709,35.3775,-78.0875,NC
2712.1,2008,,2712,36.4833,-79.0731,NC
2712.2,2007,,2712,36.4833,-79.0731,NC
2712.3A,2008,,2712,36.4833,-79.0731,NC
2712.3B,2008,,2712,36.4833,-79.0731,NC
2712.4A,2008,,2712,36.4833,-79.0731,NC
2712.4B,2008,,2712,36.4833,-79.0731,NC
2713.1,,2013,2713,34.2824,-77.9864,NC
2713.2,,2013,2713,34.2824,-77.9864,NC
2713.3,,2013,2713,34.2824,-77.9864,NC
2716.1,,2012,2716,34.5889,-78.975,NC
2716.2,,2012,2716,34.5889,-78.975,NC
2716.3,,2012,2716,34.5889,-78.975,NC
2718.1,2009,,2718,35.1897,-81.0122,NC
2718.2,2009,,2718,35.1897,-81.0122,NC
2718.3,2009,2021,2718,35.1897,-81.0122,NC
2718.4,2009,,2718,35.1897,-81.0122,NC
2718.5,2009,,2718,35.1897,-81.0122,NC
2720.5,,2011,2720,35.7133,-80.3767,NC
2720.6,,2011,2720,35.7133,-80.3767,NC
2720.7,,2011,2720,35.7133,-80.3767,NC
2720.8,,2013,2720,35.7133,-80.3767,NC
2720.9,,2013,2720,35.7133,-80.3767,NC
2721.1,,2011,2721,35.22,-81.7594,NC
2721.2,,2011,2721,35.22,-81.7594,NC
2721.3,,2011,2721,35.22,-81.7594,NC
2721.4,,2011,2721,35.22,-81.7594,NC
2721.5,2010,,2721,35.22,-81.7594,NC
2721.6,2012,,2721,35.22,-81.7594,NC
2723.1,,2012,2723,36.4862,-79.7208,NC
2723.2,,2012,2723,36.4862,-79.7208,NC
2723.3,,2012,2723,36.4862,-79.7208,NC
2727.1,2007,,2727,35.5975,-80.9658,NC
2727.2,2007,,2727,35.5975,-80.9658,NC
2727.3,2007,,2727,35.5975,-80.9658,NC
2727.4,2006,,2727,35.5975,-80.9658,NC
2732.10,,2013,2732,35.36,-80.9742,NC
2732.7,,2013,2732,35.36,-80.9742,NC
2732.8,,2013,2732,35.36,-80.9742,NC
2732.9,,2013,2732,35.36,-80.9742,NC
2790.B2,2017,,2790,46.8669,-100.8839,ND
2817.1,2013,,2817,47.2819,-101.3194,ND
2817.2,2012,,2817,47.2819,-101.3194,ND
2823.B1,2011,,2823,47.0664,-101.2139,ND
2823.B2,1997,,2823,47.0664,-101.2139,ND
2824.1,,2017,2824,47.2872,-101.3314,ND
2824.10,1997,2017,2824,47.2872,-101.3314,ND
2828.1,2008,,2828,40.2522,-80.6486,OH
2828.2,2007,,2828,40.2522,-80.6486,OH
2828.3,2012,,2828,40.2522,-80.6486,OH
2830.1,,2014,2830,38.9917,-84.2981,OH
2830.2,,2014,2830,38.9917,-84.2981,OH
2830.3,,2014,2830,38.9917,-84.2981,OH
2830.4,,2014,2830,38.9917,-84.2981,OH
2830.5,,2014,2830,38.9917,-84.2981,OH
2830.6,,2014,2830,38.9917,-84.2981,OH
2832.5.1,,2008,2832,39.1131,-84.8031,OH
2832.5.2,,2008,2832,39.1131,-84.8031,OH
2832.6,,,2832,39.1131,-84.8031,OH
2832.7,2007,,2832,39.1131,-84.8031,OH
2832.8,2007,,2832,39.1131,-84.8031,OH
2835.10,,2002,2835,41.9086,-80.7697,OH
2835.11,,2002,2835,41.9086,-80.7697,OH
2835.7,,2015,2835,41.9086,-80.7697,OH
2835.8,,2002,2835,41.9086,-80.7697,OH
2836.10,,2019,2836,41.5042,-82.05,OH
2836.12,,,2836,41.5042,-82.05,OH
2837.1,,2015,2837,41.6713,-81.4432,OH
2837.2,,2015,2837,41.6713,-81.4432,OH
2837.3,,2015,2837,41.6713,-81.4432,OH
2837.4,,2013,2837,41.6713,-81.4432,OH
2837.5,,2013,2837,41.6713,-81.4432,OH
2838.18,,2015,2838,41.5356,-81.6419,OH
2840.1,,2006,2840,40.1842,-81.8811,OH
2840.2,,2006,2840,40.1842,-81.8811,OH
2840.3,,2013,2840,40.1842,-81.8811,OH
2840.4,2009,2020,2840,40.1842,-81.8811,OH
2840.5,1997,2019,2840,40.1842,-81.8811,OH
2840.6,1997,2020,2840,40.1842,-81.8811,OH
2843.9,,2015,2843,39.7933,-83.0097,OH
2848.H.1,,2013,2848,39.6094,-84.2931,OH
2848.H.2,,2013,2848,39.6094,-84.2931,OH
2848.H.3,,2014,2848,39.6094,-84.2931,OH
2848.H.4,,2014,2848,39.6094,-84.2931,OH
2848.H.5,,2014,2848,39.6094,-84.2931,OH
2848.H.6,,2014,2848,39.6094,-84.2931,OH
2850.1,2008,2017,2850,38.6361,-83.6939,OH
2850.2,2008,2018,2850,38.6361,-83.6939,OH
2850.3,2008,2018,2850,38.6361,-83.6939,OH
2850.4,2008,2018,2850,38.6361,-83.6939,OH
2861.1,1996,2012,2861,41.1667,-80.75,OH
2861.2,,2012,2861,41.1667,-80.75,OH
2864.1,,,2864,39.9094,-80.7608,OH
2864.2,,,2864,39.9094,-80.7608,OH
2864.3,,,2864,39.9094,-80.7608,OH
2864.4,,,2864,39.9094,-80.7608,OH
2864.5,,2013,2864,39.9094,-80.7608,OH
2864.6,,2013,2864,39.9094,-80.7608,OH
2864.7,,2011,2864,39.9094,-80.7608,OH
2864.8,,2011,2864,39.9094,-80.7608,OH
2866.1,2010,,2866,40.5308,-80.6311,OH
2866.2,2010,,2866,40.5308,-80.6311,OH
2866.3,2010,,2866,40.5308,-80.6311,OH
2866.4,2010,,2866,40.5308,-80.6311,OH
2866.5,2010,,2866,40.5308,-80.6311,OH
2866.6,2010,,2866,40.5308,-80.6311,OH
2866.7,2010,,2866,40.5308,-80.6311,OH
2872.1,,2015,2872,39.5908,-81.6797,OH
2872.2,,2015,2872,39.5908,-81.6797,OH
2872.3,,2015,2872,39.5908,-81.6797,OH
2872.4,,2015,2872,39.5908,-81.6797,OH
2872.5,,2015,2872,39.5908,-81.6797,OH
2876.1,2012,,2876,38.9161,-82.1281,OH
2876.2,2012,,2876,38.9161,-82.1281,OH
2876.3,2011,,2876,38.9161,-82.1281,OH
2876.4,2011,,2876,38.9161,-82.1281,OH
2876.5,2011,,2876,38.9161,-82.1281,OH
2878.1,1996,2000,2878,41.6925,-83.4375,OH
2878.2,,2012,2878,41.6925,-83.4375,OH
2878.3,,2012,2878,41.6925,-83.4375,OH
2878.4,,2012,2878,41.6925,-83.4375,OH
2917.8,,2009,2917,39.4099,-84.5544,OH
2917.9,1999,2014,2917,39.4099,-84.5544,OH
2952.4,,2019,2952,35.7617,-95.2847,OK
2952.5,,2019,2952,35.7617,-95.2847,OK
2952.6,,,2952,35.7617,-95.2847,OK
2963.3313,2016,,2963,36.4317,-95.7008,OK
2963.3314,,2016,2963,36.4317,-95.7008,OK
298.LIM1,1997,,298,31.4219,-96.2525,TX
298.LIM2,1997,,298,31.4219,-96.2525,TX
3.1,,2016,3,31.0069,-88.0103,AL
3.2,,2016,3,31.0069,-88.0103,AL
3.3,,2015,3,31.0069,-88.0103,AL
3.4,,,3,31.0069,-88.0103,AL
3.5,2010,,3,31.0069,-88.0103,AL
3098.1,1997,2013,3098,40.2525,-79.9183,PA
3098.2,1997,2013,3098,40.2525,-79.9183,PA
3098.3,1997,2013,3098,40.2525,-79.9183,PA
3098.4,1997,2013,3098,40.2525,-79.9183,PA
3113.1,,2015,3113,40.91,-75.0789,PA
3113.2,,2015,3113,40.91,-75.0789,PA
3115.1,,2014,3115,40.3061,-75.9081,PA
3115.2,,2014,3115,40.3061,-75.9081,PA
3115.3,,2014,3115,40.3061,-75.9081,PA
3118.1,,,3118,40.3842,-79.0611,PA
3118.2,,,3118,40.3842,-79.0611,PA
3122.1,2015,,3122,40.511,-79.1968,PA
3122.2,2016,,3122,40.511,-79.1968,PA
3122.3,2001,,3122,40.511,-79.1968,PA
3130.1,2004,,3130,40.4081,-79.0339,PA
3130.12,,2003,3130,40.4081,-79.0339,PA
3130.14,,2003,3130,40.4081,-79.0339,PA
3130.15,,2003,3130,40.4081,-79.0339,PA
3130.2,2004,,3130,40.4081,-79.0339,PA
3131.1,,2017,3131,41.067,-78.3656,PA
3131.2,,2017,3131,41.067,-78.3656,PA
3131.3,,2017,3131,41.067,-78.3656,PA
3131.4,,2017,3131,41.067,-78.3656,PA
3132.1,,2002,3132,41.8358,-79.19,PA
3132.2,,2002,3132,41.8358,-79.19,PA
3132.3,,2002,3132,41.8358,-79.19,PA
3132.4,,2002,3132,41.8358,-79.19,PA
3136.1,2009,,3136,40.6604,-79.3411,PA
3136.2,2009,,3136,40.6604,-79.3411,PA
3138.3,,2017,3138,40.9378,-80.3681,PA
3138.4,,2017,3138,40.9378,-80.3681,PA
3138.5,,2017,3138,40.9378,-80.3681,PA
3140.1,2009,,3140,40.097,-76.6962,PA
3140.2,2009,,3140,40.097,-76.6962,PA
3140.3,2009,,3140,40.097,-76.6962,PA
3145.17,,1999,3145,39.8277,-76.3259,PA
3148.1,,2007,3148,40.796,-75.107,PA
3148.2,,2007,3148,40.796,-75.107,PA
3149.1,2008,,3149,41.0714,-76.6672,PA
3149.2,2008,,3149,41.0714,-76.6672,PA
3152.1A,,2014,3152,40.8361,-76.825,PA
3152.1B,,2014,3152,40.8361,-76.825,PA
3152.2A,,2014,3152,40.8361,-76.825,PA
3152.2B,,2014,3152,40.8361,-76.825,PA
3152.3,,2014,3152,40.8361,-76.825,PA
3152.4,,2014,3152,40.8361,-76.825,PA
3159.1,1997,2012,3159,40.1514,-75.5306,PA
3161.1,1997,2012,3161,39.858,-75.323,PA
3161.2,1997,2013,3161,39.858,-75.323,PA
3176.6,,2010,3176,41.2033,-76.0683,PA
3178.1,,2013,3178,40.9289,-79.4658,PA
3178.2,,2013,3178,40.9289,-79.4658,PA
3179.1,2009,2014,3179,39.8562,-79.9274,PA
3179.2,2009,2014,3179,39.8562,-79.9274,PA
3179.3,2009,2014,3179,39.8562,-79.9274,PA
3181.33,,2013,3181,40.2207,-79.9682,PA
3251.1,,2012,3251,34.4017,-80.1589,SC
3264.1,,2014,3264,34.6022,-82.435,SC
3264.2,,2014,3264,34.6022,-82.435,SC
3264.3,,2015,3264,34.6022,-82.435,SC
3280.CAN1,,2013,3280,33.0647,-80.6228,SC
3280.CAN2,,2013,3280,33.0647,-80.6228,SC
3280.CAN3,,2013,3280,33.0647,-80.6228,SC
3287.MCM1,,2017,3287,34.0533,-81.2178,SC
3287.MCM2,,2017,3287,34.0533,-81.2178,SC
3295.URQ1,,2002,3295,33.435,-81.9111,SC
3295.URQ2,,2002,3295,33.435,-81.9111,SC
3295.URQ3,,2013,3295,33.435,-81.9111,SC
3297.WAT1,2010,,3297,33.8264,-80.6218,SC
3297.WAT2,2010,,3297,33.8264,-80.6218,SC
3298.WIL1,2009,,3298,33.0163,-79.9285,SC
3317.1,,2013,3317,33.8253,-79.0528,SC
3317.2,,2013,3317,33.8253,-79.0528,SC
3319.3,,2013,3319,33.2422,-79.9875,SC
3319.4,,2013,3319,33.2422,-79.9875,SC
3393.1,,2019,3393,35.0742,-90.1439,TN
3393.2,,2019,3393,35.0742,-90.1439,TN
3393.3,,2019,3393,35.0742,-90.1439,TN
3396.1,2008,,3396,36.0211,-84.1567,TN
3399.1,1996,,3399,36.3903,-87.6539,TN
3399.2,1996,,3399,36.3903,-87.6539,TN
3403.1,2015,,3403,36.3156,-86.4006,TN
3403.2,2016,,3403,36.3156,-86.4006,TN
3403.3,2015,,3403,36.3156,-86.4006,TN
3403.4,2015,,3403,36.3156,-86.4006,TN
3405.1,,2013,3405,36.3767,-82.9639,TN
3405.2,,2013,3405,36.3767,-82.9639,TN
3405.3,,2014,3405,36.3767,-82.9639,TN
3405.4,,2014,3405,36.3767,-82.9639,TN
3406.1,,2018,3406,36.0278,-87.9861,TN
3406.10,,2018,3406,36.0278,-87.9861,TN
3406.2,,2018,3406,36.0278,-87.9861,TN
3406.3,,2018,3406,36.0278,-87.9861,TN
3406.4,,2018,3406,36.0278,-87.9861,TN
3406.5,,2018,3406,36.0278,-87.9861,TN
3406.6,,2018,3406,36.0278,-87.9861,TN
3406.7,,2018,3406,36.0278,-87.9861,TN
3406.8,,2018,3406,36.0278,-87.9861,TN
3406.9,,2018,3406,36.0278,-87.9861,TN
3407.1,2009,,3407,35.8992,-84.5194,TN
3407.2,2009,,3407,35.8992,-84.5194,TN
3407.3,2009,,3407,35.8992,-84.5194,TN
3407.4,2009,,3407,35.8992,-84.5194,TN
3407.5,2009,,3407,35.8992,-84.5194,TN
3407.6,2009,,3407,35.8992,-84.5194,TN
3407.7,2009,,3407,35.8992,-84.5194,TN
3407.8,2009,,3407,35.8992,-84.5194,TN
3407.9,2009,,3407,35.8992,-84.5194,TN
3470.WAP5,,,3470,29.4783,-95.6358,TX
3470.WAP6,,,3470,29.4783,-95.6358,TX
3470.WAP7,,,3470,29.4783,-95.6358,TX
3470.WAP8,1997,,3470,29.4783,-95.6358,TX
3497.1,,2018,3497,31.8206,-96.0561,TX
3497.2,,2018,3497,31.8206,-96.0561,TX
3644.1,,2016,3644,39.7272,-110.8644,UT
3644.2,,2016,3644,39.7272,-110.8644,UT
3775.1,,2016,3775,36.9333,-82.1997,VA
3775.2,,2016,3775,36.9333,-82.1997,VA
3775.3,,2016,3775,36.9333,-82.1997,VA
3776.51,,2016,3776,37.3704,-80.8639,VA
3776.52,,2016,3776,37.3704,-80.8639,VA
3776.6,,2016,3776,37.3704,-80.8639,VA
3788.1,2005,2012,3788,38.8203,-77.0411,VA
3788.2,2005,2012,3788,38.8203,-77.0411,VA
3788.3,2005,2012,3788,38.8203,-77.0411,VA
3788.4,2005,2012,3788,38.8203,-77.0411,VA
3788.5,2005,2012,3788,38.8203,-77.0411,VA
3796.3,,2014,3796,37.7089,-78.2878,VA
3796.4,,2014,3796,37.7089,-78.2878,VA
3797.3,2011,2019,3797,37.3822,-77.3833,VA
3797.4,2011,2019,3797,37.3822,-77.3833,VA
3797.5,2011,,3797,37.3822,-77.3833,VA
3797.6,2008,,3797,37.3822,-77.3833,VA
3803.1,,2014,3803,36.7711,-76.3019,VA
3803.2,,2014,3803,36.7711,-76.3019,VA
3803.3,,2014,3803,36.7711,-76.3019,VA
3803.4,,2014,3803,36.7711,-76.3019,VA
3804.3,,2004,3804,38.5367,-77.2806,VA
3804.4,,2004,3804,38.5367,-77.2806,VA
3809.1,,2019,3809,37.2144,-76.4611,VA
3809.2,,2019,3809,37.2144,-76.4611,VA
384.71,,2017,384,41.4947,-88.125,IL
384.72,,2017,384,41.4947,-88.125,IL
384.81,,2017,384,41.4947,-88.125,IL
384.82,,2017,384,41.4947,-88.125,IL
3845.BW21,2002,,3845,46.7559,-122.8578,WA
3845.BW22,2001,,3845,46.7559,-122.8578,WA
3935.1,2011,,3935,38.4731,-81.8233,WV
3935.2,2010,,3935,38.4731,-81.8233,WV
3935.3,2009,,3935,38.4731,-81.8233,WV
3936.1,,2017,3936,38.2056,-81.4211,WV
3936.2,,2017,3936,38.2056,-81.4211,WV
3938.11,,2016,3938,38.9669,-81.9231,WV
3938.21,,2016,3938,38.9669,-81.9231,WV
3938.31,,2016,3938,38.9669,-81.9231,WV
3938.41,,2016,3938,38.9669,-81.9231,WV
3938.51,,2012,3938,38.9669,-81.9231,WV
3942.1,,2013,3942,39.4883,-79.6367,WV
3942.2,,2013,3942,39.4883,-79.6367,WV
3942.3,,2013,3942,39.4883,-79.6367,WV
3943.1,2009,,3943,39.7107,-79.9275,WV
3943.2,2009,,3943,39.7107,-79.9275,WV
3944.1,,,3944,39.3844,-80.3325,WV
3944.2,,,3944,39.3844,-80.3325,WV
3944.3,,,3944,39.3844,-80.3325,WV
3945.7,,2013,3945,39.5314,-80.113,WV
3945.8,,2013,3945,39.5314,-80.113,WV
3946.1,,2013,3946,39.3672,-81.3006,WV
3946.2,,2013,3946,39.3672,-81.3006,WV
3947.1,,2015,3947,39.8464,-80.8189,WV
3947.2,,2015,3947,39.8464,-80.8189,WV
3947.3,,2015,3947,39.8464,-80.8189,WV
3948.1,2007,,3948,39.8297,-80.8153,WV
3948.2,2007,,3948,39.8297,-80.8153,WV
3954.1,2002,,3954,39.2014,-79.2667,WV
3954.2,2001,,3954,39.2014,-79.2667,WV
3954.3,,,3954,39.2014,-79.2667,WV
3982.4,,2002,3982,46.5869,-90.9017,WI
3982.5,,2016,3982,46.5869,-90.9017,WI
3992.7,,2012,3992,43.0792,-89.3739,WI
4040.1,,2004,4040,43.3842,-87.8689,WI
4040.2,,2004,4040,43.3842,-87.8689,WI
4040.3,,2004,4040,43.3842,-87.8689,WI
4040.4,,2003,4040,43.3842,-87.8689,WI
4041.5,2011,,4041,42.8457,-87.8294,WI
4041.6,2012,,4041,42.8457,-87.8294,WI
4041.7,2012,,4041,42.8457,-87.8294,WI
4041.8,2012,,4041,42.8457,-87.8294,WI
4042.1,,2015,4042,43.0303,-87.9233,WI
4042.2,,2015,4042,43.0303,-87.9233,WI
4042.3,,2016,4042,43.0303,-87.9233,WI
4042.4,,2016,4042,43.0303,-87.9233,WI
4050.3,,2016,4050,43.715,-87.7094,WI
4050.4,,2018,4050,43.715,-87.7094,WI
4050.5,2016,,4050,43.715,-87.7094,WI
4054.1,,2016,4054,42.7225,-91.0085,WI
4054.2,,2016,4054,42.7225,-91.0085,WI
4072.3,,2008,4072,44.5397,-88.0083,WI
4072.4,,2008,4072,44.5397,-88.0083,WI
4072.5,,2015,4072,44.5397,-88.0083,WI
4072.6,,2015,4072,44.5397,-88.0083,WI
4072.7,,2018,4072,44.5397,-88.0083,WI
4072.8,,2018,4072,44.5397,-88.0083,WI
4078.1,,2015,4078,44.8606,-89.6553,WI
4078.2,,2016,4078,44.8606,-89.6553,WI
4078.3,2016,,4078,44.8606,-89.6553,WI
4078.4,2008,,4078,44.8606,-89.6553,WI
4125.6,,2010,4125,44.082,-87.6558,WI
4125.7,,2010,4125,44.082,-87.6558,WI
4140.B1,,2005,4140,44.3085,-91.9106,WI
4140.B2,,2005,4140,44.3085,-91.9106,WI
4140.B3,,2005,4140,44.3085,-91.9106,WI
4140.B4,,2014,4140,44.3085,-91.9106,WI
4140.B5,,2014,4140,44.3085,-91.9106,WI
4143.1,2009,2021,4143,43.5592,-91.2333,WI
4146.B1,,2011,4146,42.7083,-90.9853,WI
4146.B2,,2011,4146,42.7083,-90.9853,WI
4158.BW41,,,4158,42.8378,-105.7769,WY
4158.BW42,,,4158,42.8378,-105.7769,WY
4158.BW43,2010,,4158,42.8378,-105.7769,WY
4158.BW44,1997,,4158,42.8378,-105.7769,WY
4162.1,2012,,4162,41.7572,-110.5986,WY
4162.2,2011,,4162,41.7572,-110.5986,WY
4162.3,1997,2020,4162,41.7572,-110.5986,WY
4259.1,1997,2017,4259,42.0317,-84.755,MI
4271.B1,2014,,4271,44.3026,-91.9126,WI
465.1,,2003,465,39.67,-105.0028,CO
465.2,,2003,465,39.67,-105.0028,CO
465.3,2002,2013,465,39.67,-105.0028,CO
465.4,1997,2014,465,39.67,-105.0028,CO
468.2,,2011,468,39.1486,-108.3189,CO
469.1,1998,2012,469,39.8078,-104.9648,CO
469.2,2002,2011,469,39.8078,-104.9648,CO
469.3,2002,2015,469,39.8078,-104.9648,CO
469.4,1997,2018,469,39.8078,-104.9648,CO
47.1,,2016,47,34.7439,-87.8486,AL
47.2,,2016,47,34.7439,-87.8486,AL
47.3,,2016,47,34.7439,-87.8486,AL
47.4,,2016,47,34.7439,-87.8486,AL
47.5,,2016,47,34.7439,-87.8486,AL
470.1,2008,,470,38.2081,-104.5747,CO
470.2,2008,,470,38.2081,-104.5747,CO
470.3,2010,,470,38.2081,-104.5747,CO
477.5,2002,2018,477,40.0195,-105.202,CO
492.5,,2017,492,38.8244,-104.8331,CO
492.6,2016,,492,38.8244,-104.8331,CO
492.7,2016,2021,492,38.8244,-104.8331,CO
4941.1,1999,2019,4941,36.9047,-111.3886,AZ
4941.2,1998,2019,4941,36.9047,-111.3886,AZ
4941.3,1997,2019,4941,36.9047,-111.3886,AZ
50.1,,2014,50,34.8825,-85.7547,AL
50.2,,2014,50,34.8825,-85.7547,AL
50.3,,2014,50,34.8825,-85.7547,AL
50.4,,2014,50,34.8825,-85.7547,AL
50.5,,2014,50,34.8825,-85.7547,AL
50.6,,2014,50,34.8825,-85.7547,AL
50.7,1997,2016,50,34.8825,-85.7547,AL
50.8,1997,2016,50,34.8825,-85.7547,AL
50012.BLR4,,2009,50012,38.1366,-81.279,WV
50039.31,1999,2018,50039,40.8737,-75.9936,PA
50130.34,,2012,50130,40.6672,-80.3465,PA
50130.35,,2012,50130,40.6672,-80.3465,PA
50151.B25,,2012,50151,38.3688,-81.6786,WV
50189.1,2004,2008,50189,35.8628,-76.7831,NC
50202.1,1999,2008,50202,43.0804,-79.0082,NY
50240.1,,2013,50240,40.4172,-86.9117,IN
50240.2,,2015,50240,40.4172,-86.9117,IN
50240.5,2003,,50240,40.4172,-86.9117,IN
50244.B4,,2016,50244,35.535,-82.8411,NC
50244.BB,,2016,50244,35.535,-82.8411,NC
50244.PG,,2016,50244,35.535,-82.8411,NC
50244.RB,,2016,50244,35.535,-82.8411,NC
50244.RC,,2016,50244,35.535,-82.8411,NC
50247.B010,,2012,50247,39.4086,-84.5622,OH
50254.1,2004,2017,50254,36.4769,-77.6414,NC
50282.PR003,,,50282,39.4722,-79.0575,MD
50282.PR004,,,50282,39.4722,-79.0575,MD
50397.34,,2017,50397,39.8717,-76.8664,PA
50397.35,,2017,50397,39.8717,-76.8664,PA
50397.36,1999,,50397,39.8717,-76.8664,PA
50410.35,1999,2019,50410,39.8439,-75.3575,PA
50479.4,,2011,50479,37.534,-79.357,VA
50481.253.25,,2015,50481,36.5192,-82.535,TN
50481.253.26,,2019,50481,36.5192,-82.535,TN
50481.253.27,,2017,50481,36.5192,-82.535,TN
50481.253.28,,2017,50481,36.5192,-82.535,TN
50481.253.29,,2019,50481,36.5192,-82.535,TN
50481.325.30,,,50481,36.5192,-82.535,TN
50481.325.31,,,50481,36.5192,-82.535,TN
50481.83.23,,,50481,36.5192,-82.535,TN
50481.83.24,,,50481,36.5192,-82.535,TN
50491.1,,2019,50491,39.7475,-80.8547,WV
50491.2,,,50491,39.7475,-80.8547,WV
50491.3,,,50491,39.7475,-80.8547,WV
50611.31,1999,,50611,40.6191,-76.45,PA
50651.BLR1,,2013,50651,43.0653,-76.2086,NY
50651.BLR2,,2013,50651,43.0653,-76.2086,NY
50651.BLR3,,2013,50651,43.0653,-76.2086,NY
50651.BLR4,,2013,50651,43.0653,-76.2086,NY
50651.BLR5,,2013,50651,43.0653,-76.2086,NY
50776.1,1999,,50776,40.8556,-75.8781,PA
50776.2,1999,,50776,40.8556,-75.8781,PA
508.8,2009,,508,38.0921,-102.6148,CO
50806.16,,2021,50806,34.1519,-79.5587,SC
50835.1,2008,,50835,44.217,-86.2906,MI
50835.2,2008,,50835,44.217,-86.2906,MI
50879.GEN1,1999,2020,50879,40.7817,-76.1781,PA
50888.NGC01,1999,,50888,40.6917,-75.4792,PA
50900.1,,,50900,37.7997,-79.9946,VA
50900.2,,2019,50900,37.7997,-79.9946,VA
50900.3,,2019,50900,37.7997,-79.9946,VA
50900.4,,,50900,37.7997,-79.9946,VA
50951.1,2015,,50951,39.5472,-110.3917,UT
50954.17,,2006,50954,36.5708,-79.4286,VA
50956.11,,2020,50956,35.2964,-84.7569,TN
50956.12,,2020,50956,35.2964,-84.7569,TN
50974.1,1999,,50974,41.2678,-79.8114,PA
50974.2,1999,,50974,41.2678,-79.8114,PA
50976.1,2008,,50976,27.0393,-80.5144,FL
51.1,1997,,51,32.0306,-93.5692,LA
52007.1,2003,2019,52007,36.6009,-78.53,VA
52007.2,2003,2019,52007,36.6009,-78.53,VA
52071.5A,2009,,52071,30.5681,-97.0614,TX
52071.5B,2009,,52071,30.5681,-97.0614,TX
52089.BLR007,,2015,52089,37.3451,-80.764,VA
52140.Z008,,,52140,32.4167,-86.4667,AL
52151.1,,2019,52151,33.8872,-80.6397,SC
52152.17,,,52152,36.6803,-76.9128,VA
52152.3,,2014,52152,36.6803,-76.9128,VA
525.H1,1998,,525,40.4856,-107.185,CO
525.H2,1999,,525,40.4856,-107.185,CO
527.1,1997,2019,527,38.2387,-108.5083,CO
54035.1,2004,2017,54035,36.4364,-77.6167,NC
54081.BLR01A,2003,,54081,37.4556,-77.4308,VA
54081.BLR01B,2003,,54081,37.4556,-77.4308,VA
54081.BLR02A,2003,,54081,37.4556,-77.4308,VA
54081.BLR02B,2003,,54081,37.4556,-77.4308,VA
54081.BLR03A,2003,2019,54081,37.4556,-77.4308,VA
54081.BLR03B,2003,2019,54081,37.4556,-77.4308,VA
54081.BLR04A,2003,2019,54081,37.4556,-77.4308,VA
54081.BLR04B,2003,2019,54081,37.4556,-77.4308,VA
54089.1,,2002,54089,41.1239,-77.4567,PA
54089.2,,2002,54089,41.1239,-77.4567,PA
54144.31,1999,2015,54144,41.1776,-79.4418,PA
54207.B001,,2014,54207,41.2119,-80.8176,OH
54216.AOW#1,,2013,54216,33.3278,-86.3583,AL
54216.AOW#2,,2013,54216,33.3278,-86.3583,AL
54216.AOW#3,,2015,54216,33.3278,-86.3583,AL
54216.AOW#4,,2015,54216,33.3278,-86.3583,AL
54276.ES001,2004,,54276,35.9069,-79.0617,NC
54276.ES002,2004,,54276,35.9069,-79.0617,NC
54304.1,2003,,54304,38.2667,-77.3147,VA
54556.B01,,2007,54556,41.7775,-87.8233,IL
54556.B02,,2007,54556,41.7775,-87.8233,IL
54556.B03,,2007,54556,41.7775,-87.8233,IL
54556.B10,2006,,54556,41.7775,-87.8233,IL
54634.1,1999,,54634,40.8222,-76.1736,PA
54638.40,,,54638,41.4908,-78.6767,PA
54638.41,,,54638,41.4908,-78.6767,PA
54755.2,2004,2017,54755,36.4364,-77.6167,NC
55076.AA001,2002,,55076,33.3761,-89.2183,MS
55076.AA002,2002,,55076,33.3761,-89.2183,MS
55245.3,,2016,55245,39.7983,-88.3501,IL
55245.4,,2016,55245,39.7983,-88.3501,IL
55479.1,2003,,55479,44.2862,-105.3843,WY
55749.U1,2006,,55749,45.7578,-107.6,MT
55856.1,2012,,55856,38.2792,-89.667,IL
55856.2,2012,,55856,38.2792,-89.667,IL
56.1,2007,2020,56,31.4858,-87.9106,AL
56.2,1997,2020,56,31.4858,-87.9106,AL
56.3,1997,2020,56,31.4858,-87.9106,AL
56068.1,2009,,56068,42.8445,-87.829,WI
56068.2,2010,,56068,42.8445,-87.829,WI
56224.1,2008,,56224,40.7458,-116.5297,NV
56319.1,2008,,56319,44.2911,-105.3815,WY
564.1,1997,,564,28.4836,-81.1686,FL
564.2,1997,,564,28.4836,-81.1686,FL
56456.1,2010,,56456,35.6626,-89.9469,AR
56564.SN.01,2012,,56564,33.6497,-93.8119,AR
56596.1,2010,,56596,44.2892,-105.3795,WY
56609.1,2011,,56609,44.3901,-105.4591,WY
56611.S01,2012,,56611,31.4753,-96.9564,TX
56671.1,2011,,56671,39.7078,-79.9588,WV
56786.1,2014,,56786,46.925,-98.5,ND
568.BHB3,,2021,568,41.1706,-73.1843,CT
56808.1,2012,,56808,36.9161,-82.3381,VA
56808.2,2012,,56808,36.9161,-82.3381,VA
59.1,2014,,59,40.8538,-98.3481,NE
593.3,,2011,593,39.7372,-75.5033,DE
593.4,,2011,593,39.7372,-75.5033,DE
594.1,,2012,594,38.5857,-75.2341,DE
594.2,,2011,594,38.5857,-75.2341,DE
594.3,,2014,594,38.5857,-75.2341,DE
594.4,2011,,594,38.5857,-75.2341,DE
60.1,,,60,40.5806,-98.3106,NE
60.2,2011,,60,40.5806,-98.3106,NE
6002.1,2011,,6002,33.6319,-87.0597,AL
6002.2,2010,,6002,33.6319,-87.0597,AL
6002.3,2009,,6002,33.6319,-87.0597,AL
6002.4,2010,,6002,33.6319,-87.0597,AL
6004.1,1997,,6004,39.3668,-81.2944,WV
6004.2,1997,,6004,39.3668,-81.2944,WV
6009.1,,2009,6009,34.4236,-92.1392,AR
6009.2,,2009,6009,34.4236,-92.1392,AR
6016.1,1997,2019,6016,40.4663,-89.9841,IL
6017.1,,,6017,38.9361,-88.2778,IL
6017.2,,2017,6017,38.9361,-88.2778,IL
6018.2,1996,,6018,38.9031,-84.8511,KY
6019.1,1997,,6019,38.8689,-84.2286,OH
602.1,2009,,602,39.1792,-76.5383,MD
602.2,2010,,602,39.1792,-76.5383,MD
6021.C1,1997,,6021,40.4627,-107.5912,CO
6021.C2,1997,,6021,40.4627,-107.5912,CO
6021.C3,1997,,6021,40.4627,-107.5912,CO
6030.1,1997,,6030,47.3761,-101.1567,ND
6030.2,1997,,6030,47.3761,-101.1567,ND
6031.2,2007,2018,6031,38.6903,-83.4803,OH
6034.1,,,6034,42.7748,-82.4945,MI
6034.2,,,6034,42.7748,-82.4945,MI
6041.1,2009,,6041,38.7,-83.8175,KY
6041.2,2008,,6041,38.7,-83.8175,KY
6041.3,2005,,6041,38.7,-83.8175,KY
6041.4,2009,,6041,38.7,-83.8175,KY
6052.1,2008,,6052,33.4124,-85.0345,GA
6052.2,2009,,6052,33.4124,-85.0345,GA
6055.2B1,2015,,6055,30.7261,-91.3669,LA
6055.2B2,,2016,6055,30.7261,-91.3669,LA
6055.2B3,,,6055,30.7261,-91.3669,LA
6061.1,1996,2018,6061,31.2194,-89.3933,MS
6061.2,1996,2018,6061,31.2194,-89.3933,MS
6064.N1,2016,,6064,39.1714,-94.6958,KS
6065.1,2009,,6065,39.4472,-94.98,MO
6065.2,2010,,6065,39.4472,-94.98,MO
6068.1,1997,,6068,39.2825,-96.1153,KS
6068.2,1997,,6068,39.2825,-96.1153,KS
6068.3,1997,,6068,39.2825,-96.1153,KS
6071.1,1997,,6071,38.5847,-85.4117,KY
6071.2,2010,,6071,38.5847,-85.4117,KY
6073.1,2015,,6073,30.5335,-88.5574,MS
6073.2,,,6073,30.5335,-88.5574,MS
6076.1,1997,2020,6076,45.8831,-106.614,MT
6076.2,1997,2020,6076,45.8831,-106.614,MT
6076.3,1997,,6076,45.8831,-106.614,MT
6076.4,1997,,6076,45.8831,-106.614,MT
6077.1,,,6077,41.0808,-101.1408,NE
6077.2,,,6077,41.0808,-101.1408,NE
6082.1,1997,,6082,43.3561,-78.6039,NY
6085.14,2013,,6085,41.2175,-87.0239,IN
6085.15,2014,,6085,41.2175,-87.0239,IN
6085.17,1997,,6085,41.2175,-87.0239,IN
6085.18,1997,,6085,41.2175,-87.0239,IN
6089.B1,1997,2021,6089,47.6788,-104.1569,MT
6090.1,1996,,6090,45.3792,-93.8958,MN
6090.2,1996,,6090,45.3792,-93.8958,MN
6090.3,1997,,6090,45.3792,-93.8958,MN
6094.1,,,6094,40.6344,-80.42,PA
6094.2,1998,,6094,40.6344,-80.42,PA
6094.3,1997,,6094,40.6344,-80.42,PA
6095.1,2018,,6095,36.4537,-97.0527,OK
6095.2,2018,,6095,36.4537,-97.0527,OK
6096.1,,,6096,40.6215,-95.7765,NE
6096.2,2009,,6096,40.6215,-95.7765,NE
6098.1,2015,,6098,45.3047,-96.5103,SD
6101.BW91,1996,,6101,44.2886,-105.3847,WY
6106.1SG,2014,,6106,45.6933,-119.8056,OR
6113.1,2007,,6113,38.3722,-87.7661,IN
6113.2,2007,,6113,38.3722,-87.7661,IN
6113.3,2006,,6113,38.3722,-87.7661,IN
6113.4,1996,,6113,38.3722,-87.7661,IN
6113.5,1997,,6113,38.3722,-87.7661,IN
6124.1,,2019,6124,32.3558,-81.1683,GA
6136.1,2011,2019,6136,30.6167,-96.0778,TX
6137.1,1997,,6137,37.9053,-87.715,IN
6137.2,1997,,6137,37.9053,-87.715,IN
6138.1,2016,,6138,36.2561,-94.5241,AR
6139.1,,,6139,33.0583,-94.844,TX
6139.2,,2016,6139,33.0583,-94.844,TX
6139.3,,,6139,33.0583,-94.844,TX
6146.1,1997,,6146,32.2597,-94.5703,TX
6146.2,1997,,6146,32.2597,-94.5703,TX
6146.3,1997,,6146,32.2597,-94.5703,TX
6147.1,,2018,6147,33.0917,-95.0417,TX
6147.2,,2018,6147,33.0917,-95.0417,TX
6147.3,1997,2018,6147,33.0917,-95.0417,TX
6155.1,,,6155,38.1306,-90.2625,MO
6155.2,,,6155,38.1306,-90.2625,MO
6165.1,1997,,6165,39.1747,-111.0289,UT
6165.2,2012,,6165,39.1747,-111.0289,UT
6165.3,1997,,6165,39.1747,-111.0289,UT
6166.MB1,2015,,6166,37.9256,-87.0372,IN
6166.MB2,2015,,6166,37.9256,-87.0372,IN
6170.1,2006,2018,6170,42.5381,-87.9033,WI
6170.2,2007,2018,6170,42.5381,-87.9033,WI
6177.U1B,1997,,6177,34.5778,-109.2717,AZ
6177.U2B,1997,,6177,34.5778,-109.2717,AZ
6178.1,,,6178,28.7128,-97.2142,TX
6179.1,2010,,6179,29.9172,-96.7506,TX
6179.2,2011,,6179,29.9172,-96.7506,TX
6179.3,1997,,6179,29.9172,-96.7506,TX
6180.1,2009,,6180,31.185,-96.4853,TX
6180.2,2010,,6180,31.185,-96.4853,TX
6181.1,,,6181,29.3072,-98.3228,TX
6181.2,,,6181,29.3072,-98.3228,TX
6183.SM.1,1997,,6183,28.7044,-98.4781,TX
6190.2,,,6190,31.395,-92.7167,LA
6193.61B,,,6193,35.2972,-101.7475,TX
6193.62B,,,6193,35.2972,-101.7475,TX
6193.63B,,,6193,35.2972,-101.7475,TX
6194.171B,,,6194,34.1847,-102.5686,TX
6194.172B,,,6194,34.1847,-102.5686,TX
6195.1,,,6195,37.1519,-93.3892,MO
6195.2,2011,,6195,37.1519,-93.3892,MO
6204.1,1997,,6204,42.1103,-104.8828,WY
6204.2,1997,,6204,42.1103,-104.8828,WY
6204.3,1997,,6204,42.1103,-104.8828,WY
6213.1SG1,1997,,6213,39.0694,-87.5108,IN
6213.2SG1,1997,,6213,39.0694,-87.5108,IN
6248.1,2014,,6248,40.2217,-103.6803,CO
6249.1,2007,,6249,33.3303,-79.3611,SC
6249.2,1997,,6249,33.3303,-79.3611,SC
6249.3,1997,,6249,33.3303,-79.3611,SC
6249.4,1997,,6249,33.3303,-79.3611,SC
6250.1A,2009,,6250,36.5278,-78.8917,NC
6250.1B,2009,,6250,36.5278,-78.8917,NC
6254.1,2014,,6254,41.0961,-92.5556,IA
6257.1,2013,,6257,33.0583,-83.8072,GA
6257.2,2013,,6257,33.0583,-83.8072,GA
6257.3,2010,,6257,33.0583,-83.8072,GA
6257.4,2012,,6257,33.0583,-83.8072,GA
6264.1,2007,,6264,38.9794,-81.9344,WV
628.1,,2019,628,28.9594,-82.7003,FL
628.2,,2019,628,28.9594,-82.7003,FL
628.4,2010,,628,28.9594,-82.7003,FL
628.5,2009,,628,28.9594,-82.7003,FL
6288.2,2019,,6288,63.8542,-148.95,AK
641.4,2010,2021,641,30.5661,-87.2289,FL
641.5,2010,2021,641,30.5661,-87.2289,FL
641.6,2010,2021,641,30.5661,-87.2289,FL
641.7,2010,2021,641,30.5661,-87.2289,FL
642.1,,2015,642,30.6689,-84.8869,FL
642.2,,2015,642,30.6689,-84.8869,FL
643.1,,2016,643,30.2689,-85.7003,FL
643.2,,2016,643,30.2689,-85.7003,FL
645.BB01,1999,2019,645,27.7944,-82.4036,FL
645.BB02,1999,2019,645,27.7944,-82.4036,FL
645.BB03,,2019,645,27.7944,-82.4036,FL
645.BB04,,,645,27.7944,-82.4036,FL
646.GB01,,2003,646,27.9083,-82.4194,FL
646.GB02,,2003,646,27.9083,-82.4194,FL
646.GB03,,2003,646,27.9083,-82.4194,FL
646.GB04,,2003,646,27.9083,-82.4194,FL
646.GB05,,2003,646,27.9083,-82.4194,FL
646.GB06,,2003,646,27.9083,-82.4194,FL
6469.B1,1997,,6469,47.3714,-101.8344,ND
6469.B2,1997,,6469,47.3714,-101.8344,ND
6481.1SGA,1997,,6481,39.5035,-112.5811,UT
6481.2SGA,1997,,6481,39.5035,-112.5811,UT
663.B2,2009,,663,29.7586,-82.3883,FL
6639.G1,1996,,6639,37.6467,-87.5006,KY
6639.G2,1996,,6639,37.6467,-87.5006,KY
6641.1,,,6641,35.6733,-91.4083,AR
6641.2,,,6641,35.6733,-91.4083,AR
6648.4,1997,2018,6648,30.5642,-97.0639,TX
6664.101,2007,,6664,41.3153,-91.0936,IA
667.1A,2002,,667,30.4172,-81.5525,FL
667.2A,2002,,667,30.4172,-81.5525,FL
6705.1,2008,,6705,37.915,-87.3328,IN
6705.2,2008,,6705,37.915,-87.3328,IN
6705.3,2008,,6705,37.915,-87.3328,IN
6705.4,2008,,6705,37.915,-87.3328,IN
676.3,1997,2021,676,28.0809,-81.9256,FL
6761.101,1997,,6761,40.8611,-105.0206,CO
6768.1,,,6768,36.8791,-89.6209,MO
6772.1,,,6772,34.0158,-95.3206,OK
6823.W1,1997,,6823,37.4497,-87.0803,KY
699.1,,2002,699,32.9269,-83.6997,GA
699.2,,2002,699,32.9269,-83.6997,GA
699.3,,2002,699,32.9269,-83.6997,GA
699.4,,2002,699,32.9269,-83.6997,GA
7.1,,2016,7,34.0128,-85.9708,AL
7.2,,2016,7,34.0128,-85.9708,AL
703.1BLR,2010,,703,34.1256,-84.9192,GA
703.2BLR,2009,,703,34.1256,-84.9192,GA
703.3BLR,2008,,703,34.1256,-84.9192,GA
703.4BLR,2008,,703,34.1256,-84.9192,GA
7030.U1,1997,,7030,31.0932,-96.6965,TX
7030.U2,1997,,7030,31.0932,-96.6965,TX
708.1,2008,2019,708,34.2533,-85.3456,GA
708.2,2008,2019,708,34.2533,-85.3456,GA
708.3,2008,2019,708,34.2533,-85.3456,GA
708.4,2008,2019,708,34.2533,-85.3456,GA
709.1,,2015,709,33.1942,-83.2994,GA
709.2,,2013,709,33.1942,-83.2994,GA
709.3,,2015,709,33.1942,-83.2994,GA
709.4,,2015,709,33.1942,-83.2994,GA
7097...1,1997,,7097,29.3091,-98.3205,TX
7097...2,2010,,7097,29.3091,-98.3205,TX
710.MB1,,2012,710,33.8244,-84.475,GA
710.MB2,,2011,710,33.8244,-84.475,GA
7210.COP1,1997,2020,7210,33.3642,-81.03,SC
7213.1,1997,,7213,36.8692,-78.7046,VA
7213.2,1997,,7213,36.8692,-78.7046,VA
7242...1,,2005,7242,27.7286,-81.9897,FL
7253.1,,2010,7253,39.3672,-81.5208,OH
7253.2,,2010,7253,39.3672,-81.5208,OH
7253.3,,2010,7253,39.3672,-81.5208,OH
7253.4,,2010,7253,39.3672,-81.5208,OH
727.3,,2016,727,31.4444,-84.1322,GA
728.Y1BR,1996,2015,728,33.4622,-84.8986,GA
728.Y2BR,,2015,728,33.4622,-84.8986,GA
728.Y3BR,,2015,728,33.4622,-84.8986,GA
728.Y4BR,,2015,728,33.4622,-84.8986,GA
728.Y5BR,,2015,728,33.4622,-84.8986,GA
728.Y6BR,,2016,728,33.4622,-84.8986,GA
728.Y7BR,,2015,728,33.4622,-84.8986,GA
733.1,,2015,733,32.1486,-81.1458,GA
733.2,,2015,733,32.1486,-81.1458,GA
733.3,,2015,733,32.1486,-81.1458,GA
7343.4,2014,,7343,42.3022,-96.3622,IA
7504.1,1997,,7504,44.2853,-105.3841,WY
7537.1A,1997,2012,7537,39.2623,-79.3306,WV
7537.1B,1997,2012,7537,39.2623,-79.3306,WV
7737.B001,,2021,7737,32.8994,-79.9694,SC
7790.1.1,1997,,7790,40.0864,-109.2844,UT
7902.1,1997,,7902,32.4607,-94.4852,TX
8.10,2007,2019,8,33.6446,-87.2003,AL
8.6,,2015,8,33.6446,-87.2003,AL
8.7,,2015,8,33.6446,-87.2003,AL
8.8,2007,2019,8,33.6446,-87.2003,AL
8.9,2007,2019,8,33.6446,-87.2003,AL
8023.1,2014,,8023,43.4864,-89.4203,WI
8023.2,2014,,8023,43.4864,-89.4203,WI
8042.1,2008,,8042,36.2811,-80.0603,NC
8042.2,2008,,8042,36.2811,-80.0603,NC
8066.BW71,1996,,8066,41.7378,-108.7875,WY
8066.BW72,1996,,8066,41.7378,-108.7875,WY
8066.BW73,1996,,8066,41.7378,-108.7875,WY
8066.BW74,1997,,8066,41.7378,-108.7875,WY
8069.1,1997,,8069,39.3792,-111.0781,UT
8069.2,2006,,8069,39.3792,-111.0781,UT
8102.1,1996,,8102,38.9347,-82.1158,OH
8102.2,1996,,8102,38.9347,-82.1158,OH
8219.1,2017,,8219,38.6306,-104.7056,CO
8222.B1,1997,,8222,47.2217,-101.8139,ND
8223.1,1997,,8223,34.3186,-109.1636,AZ
8223.2,1997,,8223,34.3186,-109.1636,AZ
8223.4,2009,,8223,34.3186,-109.1636,AZ
8223.TS3,2006,,8223,34.3186,-109.1636,AZ
8224.1,,,8224,40.8831,-117.1542,NV
8224.2,1997,,8224,40.8831,-117.1542,NV
8226.1,2010,,8226,40.5383,-79.7906,PA
856.1,,2016,856,40.5958,-89.6631,IL
856.2,,,856,40.5958,-89.6631,IL
856.3,,,856,40.5958,-89.6631,IL
861.1,2009,2019,861,39.0586,-89.4031,IL
861.2,2010,2019,861,39.0586,-89.4031,IL
862.7,,2000,862,37.6578,-89.5119,IL
862.8,,2000,862,37.6578,-89.5119,IL
862.9,,2000,862,37.6578,-89.5119,IL
863.5,,2012,863,39.1333,-87.6597,IL
863.6,,2012,863,39.1333,-87.6597,IL
864.1,,2012,864,39.8194,-90.5647,IL
864.2,,2012,864,39.8194,-90.5647,IL
864.3,,2012,864,39.8194,-90.5647,IL
864.4,,2012,864,39.8194,-90.5647,IL
864.5,,2012,864,39.8194,-90.5647,IL
867.7,,2013,867,41.8278,-87.7236,IL
867.8,,2013,867,41.8278,-87.7236,IL
87.1,1997,2020,87,35.4159,-108.082,NM
874.5,,2017,874,41.4947,-88.125,IL
876.1,2013,,876,39.5906,-89.4964,IL
876.2,2013,,876,39.5906,-89.4964,IL
879.51,,,879,40.5408,-89.6786,IL
879.52,,,879,40.5408,-89.6786,IL
879.61,2014,,879,40.5408,-89.6786,IL
879.62,2014,,879,40.5408,-89.6786,IL
880028.B022,,2017,880028,39.1756,-84.5022,OH
880033.B027,,2013,880033,39.1792,-84.5053,OH
880039.B004,,2021,880039,39.8242,-84.1747,OH
880041.X015,,2017,880041,34.6339,-87.0244,AL
880041.Z004,,2005,880041,34.6339,-87.0244,AL
880041.Z005,,2018,880041,34.6339,-87.0244,AL
880041.Z006,,,880041,34.6339,-87.0244,AL
880043.1,,2013,880043,42.1631,-73.9003,NY
880044.41000,,2016,880044,42.4833,-73.8167,NY
880052.1070,,2019,880052,43.3064,-73.6208,NY
880053.70,,2017,880053,38.3845,-81.7764,WV
880053.80,,2017,880053,38.3845,-81.7764,WV
880053.90,,2017,880053,38.3845,-81.7764,WV
880055.31,,2010,880055,35.9822,-84.2614,TN
880055.32,,2010,880055,35.9822,-84.2614,TN
880055.33,,2006,880055,35.9822,-84.2614,TN
880055.34,,2010,880055,35.9822,-84.2614,TN
880057.3,,2012,880057,34.2337,-80.658,SC
880057.4,,2011,880057,34.2337,-80.658,SC
880066.2,,2004,880066,33.8658,-81.0114,SC
880066.3,,2004,880066,33.8658,-81.0114,SC
880066.4,,2004,880066,33.8658,-81.0114,SC
880068.3,,2009,880068,34.7103,-80.8515,SC
880068.4,,2009,880068,34.7103,-80.8515,SC
880078.B04,,2013,880078,34.387,-80.0663,SC
880079.34,,2017,880079,35.7433,-84.3208,TN
880079.35,,2017,880079,35.7433,-84.3208,TN
880086.UNITC,,2017,880086,40.555,-89.6628,IL
880087.U.4000,,2012,880087,41.6552,-86.2962,IN
880102.1,2015,2016,880102,17.9477,-66.154,PR
880102.2,2015,2016,880102,17.9477,-66.154,PR
883.17,,2008,883,42.3833,-87.8133,IL
883.7,2014,,883,42.3833,-87.8133,IL
883.8,,,883,42.3833,-87.8133,IL
884.1,,2010,884,41.6334,-88.0626,IL
884.2,,2010,884,41.6334,-88.0626,IL
884.3,,,884,41.6334,-88.0626,IL
884.4,,,884,41.6334,-88.0626,IL
886.19,,2013,886,41.8508,-87.6533,IL
887.1,,,887,37.2103,-88.8606,IL
887.2,,,887,37.2103,-88.8606,IL
887.3,,,887,37.2103,-88.8606,IL
887.4,,,887,37.2103,-88.8606,IL
887.5,,,887,37.2103,-88.8606,IL
887.6,,,887,37.2103,-88.8606,IL
889.1,2011,,889,38.205,-89.855,IL
889.2,2012,,889,38.205,-89.855,IL
889.3,2010,2020,889,38.205,-89.855,IL
891.9,2012,2019,891,40.2797,-90.0775,IL
892.1,,2019,892,41.3017,-89.3136,IL
892.2,,2019,892,41.3017,-89.3136,IL
897.1,,2011,897,40.1781,-87.7481,IL
897.2,,2011,897,40.1781,-87.7481,IL
898.4,,2016,898,38.8639,-90.1325,IL
898.5,,2016,898,38.8639,-90.1325,IL
963.31,2001,2021,963,39.7539,-89.6011,IL
963.32,2001,2021,963,39.7539,-89.6011,IL
963.33,1997,,963,39.7539,-89.6011,IL
963.4,2009,,963,39.7539,-89.6011,IL
964.7,,2010,964,39.7539,-89.6011,IL
964.8,,2009,964,39.7539,-89.6011,IL
976.1,,2003,976,37.6206,-88.955,IL
976.123,2003,,976,37.6206,-88.955,IL
976.2,,2003,976,37.6206,-88.955,IL
976.3,,2003,976,37.6206,-88.955,IL
976.4,1997,2020,976,37.6206,-88.955,IL
981.3,,2012,981,41.7072,-87.5217,IN
981.4,,2012,981,41.7072,-87.5217,IN
983.1,2013,,983,38.7383,-85.4192,IN
983.2,2013,,983,38.7383,-85.4192,IN
983.3,2013,,983,38.7383,-85.4192,IN
983.4,2013,,983,38.7383,-85.4192,IN
983.5,2013,,983,38.7383,-85.4192,IN
983.6,2013,,983,38.7383,-85.4192,IN
988.U1,,2015,988,39.0831,-84.8581,IN
988.U2,,2015,988,39.0831,-84.8581,IN
988.U3,,2015,988,39.0831,-84.8581,IN
988.U4,,2015,988,39.0831,-84.8581,IN
990.50,,2016,990,39.7119,-86.1975,IN
990.60,,2016,990,39.7119,-86.1975,IN
990.70,2007,2017,990,39.7119,-86.1975,IN
991.3,,2016,991,39.4851,-86.4176,IN
991.4,,2016,991,39.4851,-86.4176,IN
991.5,,2016,991,39.4851,-86.4176,IN
991.6,,2016,991,39.4851,-86.4176,IN
992.12,,2014,992,39.7622,-86.1667,IN
992.15,,2015,992,39.7622,-86.1667,IN
992.16,,2015,992,39.7622,-86.1667,IN
994.1,1996,2021,994,38.5267,-87.2525,IN
994.2,1996,,994,38.5267,-87.2525,IN
994.3,1997,,994,38.5267,-87.2525,IN
994.4,1997,,994,38.5267,-87.2525,IN
995.7,1996,2018,995,41.6433,-87.1225,IN
995.8,1996,2018,995,41.6433,-87.1225,IN
996.11,,2010,996,41.6394,-87.4069,IN
996.5,,2010,996,41.6394,-87.4069,IN
996.6,,2010,996,41.6394,-87.4069,IN
997.12,2015,,997,41.7203,-86.9097,IN
