state_zip,year,deaths_coef_2_all
Alabama,1999,1554.965224
Alabama,2000,1711.562471
Alabama,2001,1181.544082
Alabama,2002,1240.03034
Alabama,2003,1074.21506
Alabama,2004,1127.985009
Alabama,2005,1296.111414
Alabama,2006,1461.365914
Alabama,2007,1799.561559
Alabama,2008,1003.625391
Alabama,2009,504.3398035
Alabama,2010,480.1231235
Alabama,2011,424.6337828
Alabama,2012,242.5049559
Alabama,2013,216.8942033
Alabama,2014,187.1670065
Alabama,2015,121.1000979
Alabama,2016,68.51869105
Alabama,2017,52.99419251
Alabama,2018,62.7048633
Alabama,2019,40.76819192
Alabama,2020,32.00236975
Arizona,1999,35.94599343
Arizona,2000,32.64210407
Arizona,2001,33.80260003
Arizona,2002,33.23377681
Arizona,2003,42.61861354
Arizona,2004,39.96248222
Arizona,2005,32.15897492
Arizona,2006,21.4511481
Arizona,2007,25.21335609
Arizona,2008,17.09042044
Arizona,2009,14.62910437
Arizona,2010,13.93521356
Arizona,2011,14.85579063
Arizona,2012,11.64987154
Arizona,2013,13.24048726
Arizona,2014,8.821847967
Arizona,2015,11.64595135
Arizona,2016,6.948134433
Arizona,2017,9.476083747
Arizona,2018,7.593247147
Arizona,2019,3.652284099
Arizona,2020,4.617519286
Arkansas,1999,580.1642149
Arkansas,2000,449.482553
Arkansas,2001,371.2767337
Arkansas,2002,447.0258059
Arkansas,2003,391.4424547
Arkansas,2004,322.9490874
Arkansas,2005,564.5867219
Arkansas,2006,366.6714988
Arkansas,2007,384.8060295
Arkansas,2008,241.2078861
Arkansas,2009,188.7876518
Arkansas,2010,194.4659628
Arkansas,2011,183.1983425
Arkansas,2012,147.4472342
Arkansas,2013,138.2422951
Arkansas,2014,122.0286994
Arkansas,2015,89.66471358
Arkansas,2016,70.36140037
Arkansas,2017,69.18825114
Arkansas,2018,64.97330172
Arkansas,2019,41.53265165
Arkansas,2020,32.49843522
California,1999,52.94225598
California,2000,40.66989474
California,2001,43.73452534
California,2002,33.22842805
California,2003,29.5105229
California,2004,48.43488517
California,2005,33.45111998
California,2006,10.52491725
California,2007,12.79480942
California,2008,10.4899184
California,2009,13.71013009
California,2010,9.559475479
California,2011,7.213154966
California,2012,6.081356007
California,2013,16.49564459
California,2014,7.329469165
California,2015,9.572068759
California,2016,6.430858026
California,2017,5.194067821
California,2018,5.131313304
California,2019,3.651832101
California,2020,3.048484853
Colorado,1999,89.11566049
Colorado,2000,80.56209978
Colorado,2001,88.64665206
Colorado,2002,85.73182033
Colorado,2003,77.20287902
Colorado,2004,61.54772675
Colorado,2005,60.35829771
Colorado,2006,59.90862919
Colorado,2007,57.88688849
Colorado,2008,48.47705493
Colorado,2009,39.21203857
Colorado,2010,45.58299209
Colorado,2011,34.28080588
Colorado,2012,34.25088136
Colorado,2013,34.69134338
Colorado,2014,26.19656293
Colorado,2015,27.46000725
Colorado,2016,19.61192158
Colorado,2017,17.22799368
Colorado,2018,14.37945911
Colorado,2019,11.27718978
Colorado,2020,8.113137902
Connecticut,1999,740.5545798
Connecticut,2000,655.5505636
Connecticut,2001,633.5472726
Connecticut,2002,623.1883359
Connecticut,2003,567.8529532
Connecticut,2004,610.6038306
Connecticut,2005,460.2057703
Connecticut,2006,528.5306092
Connecticut,2007,505.0702995
Connecticut,2008,451.494113
Connecticut,2009,269.8793992
Connecticut,2010,214.2184477
Connecticut,2011,205.2540746
Connecticut,2012,111.7642134
Connecticut,2013,100.9723837
Connecticut,2014,74.31280402
Connecticut,2015,58.59493878
Connecticut,2016,39.91761845
Connecticut,2017,32.09902992
Connecticut,2018,32.72399331
Connecticut,2019,24.85684638
Connecticut,2020,23.19614767
DC,1999,158.8316101
DC,2000,134.4096929
DC,2001,159.5335123
DC,2002,154.8949947
DC,2003,94.61433968
DC,2004,107.1585582
DC,2005,117.3267181
DC,2006,124.1089371
DC,2007,131.5664209
DC,2008,108.3235351
DC,2009,68.41274686
DC,2010,47.38309564
DC,2011,49.74737335
DC,2012,25.56343725
DC,2013,22.69764235
DC,2014,17.85939962
DC,2015,12.08920042
DC,2016,8.262103486
DC,2017,6.760499421
DC,2018,5.878177508
DC,2019,5.108930416
DC,2020,3.318929397
Delaware,1999,173.8387188
Delaware,2000,152.2409421
Delaware,2001,175.9909506
Delaware,2002,172.4557307
Delaware,2003,149.888939
Delaware,2004,150.8839265
Delaware,2005,158.9163806
Delaware,2006,154.9238304
Delaware,2007,166.1981302
Delaware,2008,144.7991807
Delaware,2009,85.54124863
Delaware,2010,63.36662209
Delaware,2011,66.73648319
Delaware,2012,37.2296584
Delaware,2013,30.25319747
Delaware,2014,27.2496095
Delaware,2015,20.01085516
Delaware,2016,13.38177871
Delaware,2017,11.16121224
Delaware,2018,9.892654317
Delaware,2019,8.24590567
Delaware,2020,6.10925845
Florida,1999,1284.871116
Florida,2000,1423.93686
Florida,2001,983.0146076
Florida,2002,937.2462814
Florida,2003,720.3534405
Florida,2004,799.3505352
Florida,2005,847.6586407
Florida,2006,975.8655276
Florida,2007,891.3557066
Florida,2008,496.9344182
Florida,2009,404.6667295
Florida,2010,441.9035009
Florida,2011,312.8422058
Florida,2012,212.4301823
Florida,2013,229.0776243
Florida,2014,263.912913
Florida,2015,151.7491864
Florida,2016,91.59721875
Florida,2017,67.03759565
Florida,2018,73.82000707
Florida,2019,55.08498345
Florida,2020,37.61452168
Georgia,1999,1516.865922
Georgia,2000,1690.047326
Georgia,2001,1301.631113
Georgia,2002,1273.782091
Georgia,2003,1130.562629
Georgia,2004,1202.665792
Georgia,2005,1306.229052
Georgia,2006,1616.235206
Georgia,2007,1803.54997
Georgia,2008,1190.23541
Georgia,2009,646.41153
Georgia,2010,727.3226895
Georgia,2011,611.6656461
Georgia,2012,322.3937898
Georgia,2013,282.2367336
Georgia,2014,274.4870853
Georgia,2015,158.4968305
Georgia,2016,87.29879237
Georgia,2017,68.72826556
Georgia,2018,71.99980688
Georgia,2019,52.53640147
Georgia,2020,35.89875837
Idaho,1999,4.191268093
Idaho,2000,3.300556763
Idaho,2001,3.829410568
Idaho,2002,2.047334446
Idaho,2003,2.200882032
Idaho,2004,2.10161741
Idaho,2005,2.568268651
Idaho,2006,1.886035912
Idaho,2007,1.617846344
Idaho,2008,1.617122118
Idaho,2009,1.899121959
Idaho,2010,2.212533293
Idaho,2011,1.501013083
Idaho,2012,1.372699493
Idaho,2013,2.114865786
Idaho,2014,1.508335003
Idaho,2015,1.465660024
Idaho,2016,0.907462311
Idaho,2017,0.529050689
Idaho,2018,0.708698518
Idaho,2019,0.94704556
Idaho,2020,0.393263249
Illinois,1999,4007.60706
Illinois,2000,3333.034297
Illinois,2001,3038.555606
Illinois,2002,2565.988906
Illinois,2003,2864.676522
Illinois,2004,2522.183988
Illinois,2005,3336.699373
Illinois,2006,2768.041747
Illinois,2007,2305.244136
Illinois,2008,1711.832242
Illinois,2009,1401.370962
Illinois,2010,1220.219534
Illinois,2011,1150.368451
Illinois,2012,847.407589
Illinois,2013,719.6751582
Illinois,2014,688.7215589
Illinois,2015,469.6839475
Illinois,2016,297.7063598
Illinois,2017,231.0945791
Illinois,2018,239.1894412
Illinois,2019,155.9532875
Illinois,2020,120.873389
Indiana,1999,2755.808283
Indiana,2000,2196.385597
Indiana,2001,2236.460399
Indiana,2002,1955.205126
Indiana,2003,1833.555646
Indiana,2004,1767.628763
Indiana,2005,2050.47881
Indiana,2006,2002.003447
Indiana,2007,1922.700583
Indiana,2008,1243.425511
Indiana,2009,1015.265381
Indiana,2010,877.9406038
Indiana,2011,902.8393953
Indiana,2012,676.9604151
Indiana,2013,548.2730451
Indiana,2014,516.8119112
Indiana,2015,307.8590895
Indiana,2016,204.9900787
Indiana,2017,152.0918163
Indiana,2018,156.4430415
Indiana,2019,110.858295
Indiana,2020,92.89294805
Iowa,1999,400.2513646
Iowa,2000,327.4851195
Iowa,2001,273.8491953
Iowa,2002,242.9931976
Iowa,2003,299.3928058
Iowa,2004,244.8747146
Iowa,2005,323.9453443
Iowa,2006,275.6516873
Iowa,2007,225.769856
Iowa,2008,179.3262287
Iowa,2009,175.9894485
Iowa,2010,139.9997532
Iowa,2011,132.3216746
Iowa,2012,105.2267066
Iowa,2013,96.25841175
Iowa,2014,79.14952347
Iowa,2015,66.21389057
Iowa,2016,46.14045597
Iowa,2017,39.8332918
Iowa,2018,42.36357745
Iowa,2019,25.9546671
Iowa,2020,22.22111556
Kansas,1999,284.3787174
Kansas,2000,225.2551906
Kansas,2001,212.6527402
Kansas,2002,263.5757194
Kansas,2003,252.034187
Kansas,2004,199.0496059
Kansas,2005,268.9508871
Kansas,2006,199.5409052
Kansas,2007,191.6439958
Kansas,2008,156.7789264
Kansas,2009,132.3763948
Kansas,2010,115.3694069
Kansas,2011,110.4495623
Kansas,2012,87.48115445
Kansas,2013,80.39411554
Kansas,2014,77.35984951
Kansas,2015,61.60468197
Kansas,2016,43.11560414
Kansas,2017,39.18292531
Kansas,2018,37.36918038
Kansas,2019,21.62299603
Kansas,2020,21.2458136
Kentucky,1999,1803.260339
Kentucky,2000,1531.859678
Kentucky,2001,1552.853071
Kentucky,2002,1294.660529
Kentucky,2003,1176.491893
Kentucky,2004,1097.381095
Kentucky,2005,1326.287511
Kentucky,2006,1420.349047
Kentucky,2007,1446.715536
Kentucky,2008,911.6656989
Kentucky,2009,630.6128173
Kentucky,2010,621.5115637
Kentucky,2011,547.9179537
Kentucky,2012,374.6656489
Kentucky,2013,292.1429002
Kentucky,2014,321.387288
Kentucky,2015,182.7432826
Kentucky,2016,121.5501564
Kentucky,2017,92.55355832
Kentucky,2018,89.97194888
Kentucky,2019,67.46029187
Kentucky,2020,53.51397918
Louisiana,1999,691.1504826
Louisiana,2000,570.3252671
Louisiana,2001,433.7430756
Louisiana,2002,547.1494501
Louisiana,2003,428.972466
Louisiana,2004,466.6550699
Louisiana,2005,635.9061523
Louisiana,2006,420.3982415
Louisiana,2007,431.8615897
Louisiana,2008,269.660087
Louisiana,2009,205.4357744
Louisiana,2010,209.604629
Louisiana,2011,194.6980936
Louisiana,2012,150.9336312
Louisiana,2013,184.7915891
Louisiana,2014,187.5598304
Louisiana,2015,87.58594097
Louisiana,2016,49.38817473
Louisiana,2017,48.44246185
Louisiana,2018,46.46257981
Louisiana,2019,31.03311149
Louisiana,2020,23.96842154
Maine,1999,145.366499
Maine,2000,149.6466372
Maine,2001,195.6728669
Maine,2002,147.4960025
Maine,2003,120.007914
Maine,2004,149.6577774
Maine,2005,109.3935845
Maine,2006,128.1979114
Maine,2007,127.2341238
Maine,2008,101.9927706
Maine,2009,64.44330738
Maine,2010,47.91556917
Maine,2011,49.03015575
Maine,2012,27.45070186
Maine,2013,30.49630325
Maine,2014,21.48898118
Maine,2015,17.85620262
Maine,2016,11.89464604
Maine,2017,9.383060277
Maine,2018,9.47584557
Maine,2019,6.570295552
Maine,2020,6.841709036
Maryland,1999,1412.5368
Maryland,2000,1226.947754
Maryland,2001,1493.753274
Maryland,2002,1468.83773
Maryland,2003,991.570002
Maryland,2004,1056.715769
Maryland,2005,1145.348221
Maryland,2006,1243.645283
Maryland,2007,1357.365942
Maryland,2008,1142.988987
Maryland,2009,690.8681475
Maryland,2010,479.7866328
Maryland,2011,506.9865651
Maryland,2012,264.8251448
Maryland,2013,228.8709546
Maryland,2014,192.5249468
Maryland,2015,138.4301581
Maryland,2016,90.39420284
Maryland,2017,74.58356877
Maryland,2018,64.9728402
Maryland,2019,57.36462944
Maryland,2020,39.31417454
Massachusetts,1999,1050.10397
Massachusetts,2000,969.716913
Massachusetts,2001,1056.597419
Massachusetts,2002,945.0567245
Massachusetts,2003,833.3835345
Massachusetts,2004,898.1023361
Massachusetts,2005,638.2751721
Massachusetts,2006,788.578166
Massachusetts,2007,747.9628225
Massachusetts,2008,646.0499209
Massachusetts,2009,378.4102843
Massachusetts,2010,303.2998769
Massachusetts,2011,288.0433255
Massachusetts,2012,167.1603701
Massachusetts,2013,149.8879078
Massachusetts,2014,106.3231465
Massachusetts,2015,90.21519576
Massachusetts,2016,60.77897366
Massachusetts,2017,49.7599595
Massachusetts,2018,49.55039269
Massachusetts,2019,38.45145353
Massachusetts,2020,35.56962325
Michigan,1999,3086.906591
Michigan,2000,2472.093142
Michigan,2001,2630.237716
Michigan,2002,2139.345464
Michigan,2003,2449.647552
Michigan,2004,1851.708207
Michigan,2005,2553.668576
Michigan,2006,1917.388024
Michigan,2007,1888.864273
Michigan,2008,1431.430629
Michigan,2009,1103.904372
Michigan,2010,828.4965144
Michigan,2011,951.8534473
Michigan,2012,743.0899294
Michigan,2013,651.5960322
Michigan,2014,580.6226899
Michigan,2015,394.260408
Michigan,2016,224.1915404
Michigan,2017,172.785443
Michigan,2018,176.5073226
Michigan,2019,125.6300175
Michigan,2020,96.05760823
Minnesota,1999,317.3586386
Minnesota,2000,252.4000336
Minnesota,2001,236.695666
Minnesota,2002,190.9511352
Minnesota,2003,245.4110257
Minnesota,2004,206.4131916
Minnesota,2005,264.4048351
Minnesota,2006,193.571453
Minnesota,2007,218.409855
Minnesota,2008,168.3303263
Minnesota,2009,145.7348627
Minnesota,2010,122.0652206
Minnesota,2011,105.7099334
Minnesota,2012,84.98076085
Minnesota,2013,92.89884331
Minnesota,2014,68.67274594
Minnesota,2015,58.85111507
Minnesota,2016,44.65578166
Minnesota,2017,35.95069246
Minnesota,2018,34.25846083
Minnesota,2019,23.59352999
Minnesota,2020,20.6400477
Mississippi,1999,784.1419475
Mississippi,2000,704.6320794
Mississippi,2001,487.865472
Mississippi,2002,556.2632684
Mississippi,2003,409.331461
Mississippi,2004,440.6644807
Mississippi,2005,590.088874
Mississippi,2006,549.8246445
Mississippi,2007,563.4266326
Mississippi,2008,312.5842608
Mississippi,2009,204.4976133
Mississippi,2010,206.0206758
Mississippi,2011,168.4147323
Mississippi,2012,117.0342161
Mississippi,2013,125.4061705
Mississippi,2014,117.5031204
Mississippi,2015,81.57467187
Mississippi,2016,42.31270059
Mississippi,2017,35.27651213
Mississippi,2018,36.73064223
Mississippi,2019,23.75514242
Mississippi,2020,18.12247104
Missouri,1999,1548.260224
Missouri,2000,1172.797564
Missouri,2001,1041.502174
Missouri,2002,1112.390214
Missouri,2003,1058.875444
Missouri,2004,854.388387
Missouri,2005,1347.598141
Missouri,2006,1013.722866
Missouri,2007,939.7775501
Missouri,2008,660.3439493
Missouri,2009,625.1472046
Missouri,2010,491.3383674
Missouri,2011,428.072214
Missouri,2012,336.9688841
Missouri,2013,292.7465052
Missouri,2014,305.5142078
Missouri,2015,227.4760747
Missouri,2016,165.8987912
Missouri,2017,147.5156508
Missouri,2018,151.0904249
Missouri,2019,97.14995225
Missouri,2020,86.38843365
Montana,1999,4.712773188
Montana,2000,3.235781948
Montana,2001,3.502633376
Montana,2002,3.028695833
Montana,2003,2.705465701
Montana,2004,2.190517241
Montana,2005,2.530982694
Montana,2006,2.750099792
Montana,2007,2.240356664
Montana,2008,1.881199354
Montana,2009,2.328985369
Montana,2010,2.378572334
Montana,2011,1.794900682
Montana,2012,1.215514207
Montana,2013,1.688672787
Montana,2014,0.994091179
Montana,2015,1.317313483
Montana,2016,0.960073208
Montana,2017,0.628428867
Montana,2018,0.802552883
Montana,2019,0.811285951
Montana,2020,0.346712968
Nebraska,1999,136.2761949
Nebraska,2000,110.9089713
Nebraska,2001,109.7928629
Nebraska,2002,110.0137724
Nebraska,2003,112.1882539
Nebraska,2004,104.5653941
Nebraska,2005,139.7658959
Nebraska,2006,96.12008061
Nebraska,2007,92.62400395
Nebraska,2008,78.88587924
Nebraska,2009,67.66777826
Nebraska,2010,68.9733025
Nebraska,2011,55.68341062
Nebraska,2012,50.66334219
Nebraska,2013,47.23355876
Nebraska,2014,40.13205672
Nebraska,2015,39.47801494
Nebraska,2016,24.82783951
Nebraska,2017,23.76300287
Nebraska,2018,24.24714056
Nebraska,2019,15.63724506
Nebraska,2020,14.82452595
Nevada,1999,9.263137135
Nevada,2000,8.143734272
Nevada,2001,8.787754392
Nevada,2002,6.690185827
Nevada,2003,10.59245476
Nevada,2004,8.56683324
Nevada,2005,10.27782155
Nevada,2006,3.081010625
Nevada,2007,2.586301064
Nevada,2008,2.285980666
Nevada,2009,2.385545438
Nevada,2010,2.63962152
Nevada,2011,1.827877457
Nevada,2012,1.696523747
Nevada,2013,2.851811738
Nevada,2014,2.298259574
Nevada,2015,2.14831057
Nevada,2016,1.213239944
Nevada,2017,1.014948984
Nevada,2018,0.978823848
Nevada,2019,0.737626884
Nevada,2020,0.594920683
New Hampshire,1999,165.309266
New Hampshire,2000,160.4504405
New Hampshire,2001,212.1524521
New Hampshire,2002,155.8463085
New Hampshire,2003,130.1765358
New Hampshire,2004,169.543072
New Hampshire,2005,123.388169
New Hampshire,2006,145.8048973
New Hampshire,2007,145.5794671
New Hampshire,2008,114.1569838
New Hampshire,2009,69.9813166
New Hampshire,2010,53.45185143
New Hampshire,2011,55.56560036
New Hampshire,2012,31.51695839
New Hampshire,2013,29.88638163
New Hampshire,2014,21.73137335
New Hampshire,2015,18.10316024
New Hampshire,2016,12.85904651
New Hampshire,2017,9.831400284
New Hampshire,2018,9.983708293
New Hampshire,2019,7.341974685
New Hampshire,2020,7.13339092
New Jersey,1999,1865.231764
New Jersey,2000,1632.362557
New Jersey,2001,1732.557472
New Jersey,2002,1686.004433
New Jersey,2003,1556.215057
New Jersey,2004,1519.421954
New Jersey,2005,1301.049183
New Jersey,2006,1348.613724
New Jersey,2007,1373.954344
New Jersey,2008,1188.265727
New Jersey,2009,702.3563538
New Jersey,2010,526.5299665
New Jersey,2011,508.1780321
New Jersey,2012,303.1742436
New Jersey,2013,259.1823941
New Jersey,2014,212.4149122
New Jersey,2015,154.2826664
New Jersey,2016,104.0561704
New Jersey,2017,86.53073345
New Jersey,2018,82.66228391
New Jersey,2019,65.41572963
New Jersey,2020,55.94455056
New Mexico,1999,24.95858357
New Mexico,2000,21.13811721
New Mexico,2001,22.12679066
New Mexico,2002,21.94694099
New Mexico,2003,27.43150028
New Mexico,2004,19.79667448
New Mexico,2005,16.186327
New Mexico,2006,16.15041107
New Mexico,2007,16.14681664
New Mexico,2008,11.70131266
New Mexico,2009,12.25847424
New Mexico,2010,10.7437206
New Mexico,2011,7.950223134
New Mexico,2012,8.29919001
New Mexico,2013,8.167239595
New Mexico,2014,7.647572248
New Mexico,2015,7.731381323
New Mexico,2016,5.758728744
New Mexico,2017,6.541107442
New Mexico,2018,5.61175989
New Mexico,2019,3.251117287
New Mexico,2020,2.673139947
New York,1999,3823.021126
New York,2000,3404.109274
New York,2001,3657.665976
New York,2002,3320.325213
New York,2003,3266.788871
New York,2004,3228.145058
New York,2005,2779.109695
New York,2006,2710.753049
New York,2007,2731.347612
New York,2008,2377.217869
New York,2009,1441.757926
New York,2010,1000.501715
New York,2011,1082.328767
New York,2012,606.6648901
New York,2013,554.1874434
New York,2014,456.5937487
New York,2015,337.1067302
New York,2016,216.4789103
New York,2017,176.1918173
New York,2018,178.7982384
New York,2019,134.6820023
New York,2020,119.9453585
North Carolina,1999,2351.047889
North Carolina,2000,2499.461804
North Carolina,2001,2533.872503
North Carolina,2002,2182.666431
North Carolina,2003,1724.491915
North Carolina,2004,1806.790021
North Carolina,2005,2048.524644
North Carolina,2006,2386.45473
North Carolina,2007,2346.138461
North Carolina,2008,1707.685193
North Carolina,2009,973.253631
North Carolina,2010,1054.894814
North Carolina,2011,937.2822936
North Carolina,2012,433.3594535
North Carolina,2013,345.4590131
North Carolina,2014,437.0227049
North Carolina,2015,227.5010915
North Carolina,2016,130.6191726
North Carolina,2017,118.3074217
North Carolina,2018,103.0860792
North Carolina,2019,82.30632379
North Carolina,2020,53.24025086
North Dakota,1999,21.25079731
North Dakota,2000,15.9147203
North Dakota,2001,17.70252201
North Dakota,2002,14.06517132
North Dakota,2003,15.62669326
North Dakota,2004,15.34158851
North Dakota,2005,17.89844339
North Dakota,2006,14.08912312
North Dakota,2007,14.71380526
North Dakota,2008,11.99078366
North Dakota,2009,11.95705181
North Dakota,2010,13.10784389
North Dakota,2011,7.974761446
North Dakota,2012,7.532809735
North Dakota,2013,6.834290635
North Dakota,2014,5.326044584
North Dakota,2015,4.909603285
North Dakota,2016,4.170713721
North Dakota,2017,2.959299203
North Dakota,2018,3.619667152
North Dakota,2019,2.47801657
North Dakota,2020,2.366842031
Ohio,1999,5535.483124
Ohio,2000,4440.648904
Ohio,2001,4814.081988
Ohio,2002,4318.259473
Ohio,2003,3387.264153
Ohio,2004,3280.505689
Ohio,2005,3600.940885
Ohio,2006,4053.040853
Ohio,2007,4136.185752
Ohio,2008,3302.211787
Ohio,2009,2525.80194
Ohio,2010,1722.945109
Ohio,2011,1946.948709
Ohio,2012,1251.281273
Ohio,2013,990.6106423
Ohio,2014,1036.025547
Ohio,2015,675.9017135
Ohio,2016,391.0796453
Ohio,2017,286.4264141
Ohio,2018,290.248143
Ohio,2019,222.7539042
Ohio,2020,183.7102879
Oklahoma,1999,546.3709996
Oklahoma,2000,388.6661014
Oklahoma,2001,363.3694098
Oklahoma,2002,528.9196779
Oklahoma,2003,439.7004558
Oklahoma,2004,379.7864142
Oklahoma,2005,499.6676745
Oklahoma,2006,365.4391448
Oklahoma,2007,322.7479161
Oklahoma,2008,262.4391976
Oklahoma,2009,238.1184802
Oklahoma,2010,208.5475263
Oklahoma,2011,186.6041137
Oklahoma,2012,168.2815032
Oklahoma,2013,154.3926208
Oklahoma,2014,135.3429841
Oklahoma,2015,101.3507385
Oklahoma,2016,86.53059457
Oklahoma,2017,80.60834608
Oklahoma,2018,61.74841496
Oklahoma,2019,36.24569381
Oklahoma,2020,32.37007803
Oregon,1999,14.24567563
Oregon,2000,12.41545305
Oregon,2001,12.68323695
Oregon,2002,3.506230625
Oregon,2003,2.906347141
Oregon,2004,2.962363519
Oregon,2005,2.782875063
Oregon,2006,1.22032329
Oregon,2007,1.169764862
Oregon,2008,1.520889126
Oregon,2009,1.658768542
Oregon,2010,1.615203107
Oregon,2011,1.472361223
Oregon,2012,1.12733804
Oregon,2013,1.750273642
Oregon,2014,1.180516444
Oregon,2015,1.514509691
Oregon,2016,0.675585858
Oregon,2017,0.884019206
Oregon,2018,0.678870353
Oregon,2019,0.835517848
Oregon,2020,0.393630905
Pennsylvania,1999,5148.753935
Pennsylvania,2000,4517.170636
Pennsylvania,2001,5186.758638
Pennsylvania,2002,4696.733235
Pennsylvania,2003,3875.68991
Pennsylvania,2004,3719.815593
Pennsylvania,2005,3864.655163
Pennsylvania,2006,4008.481424
Pennsylvania,2007,4024.180725
Pennsylvania,2008,3713.709155
Pennsylvania,2009,2324.825775
Pennsylvania,2010,1492.936756
Pennsylvania,2011,1689.79527
Pennsylvania,2012,919.3123452
Pennsylvania,2013,832.1044936
Pennsylvania,2014,735.1935702
Pennsylvania,2015,532.4410529
Pennsylvania,2016,300.2249143
Pennsylvania,2017,246.0112984
Pennsylvania,2018,232.2141852
Pennsylvania,2019,195.8349287
Pennsylvania,2020,153.9888221
Rhode Island,1999,197.4713938
Rhode Island,2000,175.87821
Rhode Island,2001,166.5086268
Rhode Island,2002,169.7770763
Rhode Island,2003,151.2024586
Rhode Island,2004,159.0313052
Rhode Island,2005,116.6831711
Rhode Island,2006,142.7734853
Rhode Island,2007,137.4798213
Rhode Island,2008,119.0750314
Rhode Island,2009,69.64641771
Rhode Island,2010,57.05009898
Rhode Island,2011,51.61172097
Rhode Island,2012,29.25238577
Rhode Island,2013,26.62981339
Rhode Island,2014,19.92205448
Rhode Island,2015,16.2048173
Rhode Island,2016,10.47950082
Rhode Island,2017,9.025584116
Rhode Island,2018,9.030427813
Rhode Island,2019,6.864698502
Rhode Island,2020,6.455930588
South Carolina,1999,982.4108157
South Carolina,2000,1078.019927
South Carolina,2001,1029.275853
South Carolina,2002,904.3589441
South Carolina,2003,726.1690858
South Carolina,2004,804.0575749
South Carolina,2005,837.9558598
South Carolina,2006,1061.862621
South Carolina,2007,986.489442
South Carolina,2008,786.5904659
South Carolina,2009,424.1409996
South Carolina,2010,479.7356688
South Carolina,2011,401.7918771
South Carolina,2012,185.9904878
South Carolina,2013,158.0449343
South Carolina,2014,185.3615286
South Carolina,2015,97.25834869
South Carolina,2016,53.00601548
South Carolina,2017,48.68708408
South Carolina,2018,45.96152763
South Carolina,2019,35.87931658
South Carolina,2020,23.19550092
South Dakota,1999,40.87703423
South Dakota,2000,33.38734071
South Dakota,2001,31.87173345
South Dakota,2002,28.34751446
South Dakota,2003,29.96578907
South Dakota,2004,30.45058119
South Dakota,2005,38.95118455
South Dakota,2006,29.31807813
South Dakota,2007,30.08116337
South Dakota,2008,23.59793235
South Dakota,2009,20.82553831
South Dakota,2010,22.3151191
South Dakota,2011,16.88011507
South Dakota,2012,14.68974332
South Dakota,2013,14.73142149
South Dakota,2014,11.72950389
South Dakota,2015,11.05170911
South Dakota,2016,8.074557133
South Dakota,2017,6.841452006
South Dakota,2018,7.50004569
South Dakota,2019,5.000520484
South Dakota,2020,4.566349387
Tennessee,1999,2262.999055
Tennessee,2000,2104.938898
Tennessee,2001,1780.303432
Tennessee,2002,1619.899497
Tennessee,2003,1578.419066
Tennessee,2004,1376.385499
Tennessee,2005,1750.662497
Tennessee,2006,1849.849687
Tennessee,2007,1932.528246
Tennessee,2008,1139.06444
Tennessee,2009,654.997998
Tennessee,2010,680.2869388
Tennessee,2011,568.3881607
Tennessee,2012,391.8730062
Tennessee,2013,312.8926213
Tennessee,2014,322.9057893
Tennessee,2015,201.6808029
Tennessee,2016,125.163516
Tennessee,2017,100.5380303
Tennessee,2018,104.2406777
Tennessee,2019,72.60925852
Tennessee,2020,53.26705078
Texas,1999,2610.768265
Texas,2000,1594.07988
Texas,2001,1353.444065
Texas,2002,1819.270498
Texas,2003,1788.006589
Texas,2004,1620.574222
Texas,2005,2177.272848
Texas,2006,1485.192161
Texas,2007,1335.209696
Texas,2008,1146.803797
Texas,2009,956.5256511
Texas,2010,833.9167838
Texas,2011,813.096072
Texas,2012,735.3781093
Texas,2013,787.2327387
Texas,2014,734.5184249
Texas,2015,519.4453705
Texas,2016,423.287901
Texas,2017,446.7848084
Texas,2018,310.1518566
Texas,2019,197.3703791
Texas,2020,167.0897326
Utah,1999,12.45150706
Utah,2000,10.2022312
Utah,2001,12.85099209
Utah,2002,11.86900192
Utah,2003,11.71250344
Utah,2004,12.04257043
Utah,2005,12.08477978
Utah,2006,10.85076915
Utah,2007,8.212007874
Utah,2008,5.919265036
Utah,2009,5.946399463
Utah,2010,7.684704521
Utah,2011,6.023659988
Utah,2012,7.385239324
Utah,2013,8.300840049
Utah,2014,7.627659109
Utah,2015,6.193288188
Utah,2016,3.82606338
Utah,2017,3.061054794
Utah,2018,2.696220081
Utah,2019,2.84176291
Utah,2020,1.981146802
Vermont,1999,87.560421
Vermont,2000,86.3268956
Vermont,2001,109.7694742
Vermont,2002,87.67919293
Vermont,2003,77.47522266
Vermont,2004,84.97756617
Vermont,2005,70.99053335
Vermont,2006,78.10709673
Vermont,2007,71.41942815
Vermont,2008,65.54264281
Vermont,2009,38.29522641
Vermont,2010,26.38734591
Vermont,2011,30.43342933
Vermont,2012,16.39794757
Vermont,2013,17.21294208
Vermont,2014,12.93215669
Vermont,2015,9.987840061
Vermont,2016,6.472446423
Vermont,2017,5.202769079
Vermont,2018,5.25972799
Vermont,2019,3.679279793
Vermont,2020,3.595717862
Virginia,1999,1973.794308
Virginia,2000,1848.220964
Virginia,2001,2079.419067
Virginia,2002,1936.701357
Virginia,2003,1328.072353
Virginia,2004,1389.879444
Virginia,2005,1579.720266
Virginia,2006,1823.598159
Virginia,2007,1887.122962
Virginia,2008,1595.432734
Virginia,2009,964.8428278
Virginia,2010,751.1520384
Virginia,2011,779.6275478
Virginia,2012,373.680486
Virginia,2013,310.5961967
Virginia,2014,329.1715043
Virginia,2015,195.5727878
Virginia,2016,121.8000731
Virginia,2017,101.9287231
Virginia,2018,91.16764363
Virginia,2019,73.64411816
Virginia,2020,47.92273906
Washington,1999,90.83469993
Washington,2000,96.0451849
Washington,2001,85.25298373
Washington,2002,18.18847712
Washington,2003,12.14909789
Washington,2004,11.22722476
Washington,2005,8.709982462
Washington,2006,3.880949624
Washington,2007,6.167342293
Washington,2008,6.877431596
Washington,2009,8.666419598
Washington,2010,7.575294022
Washington,2011,5.314682116
Washington,2012,5.336703458
Washington,2013,8.320334353
Washington,2014,5.943239242
Washington,2015,4.850276648
Washington,2016,3.100656697
Washington,2017,3.114426731
Washington,2018,2.757137986
Washington,2019,4.669608075
Washington,2020,2.384785981
West Virginia,1999,1095.663611
West Virginia,2000,960.9930718
West Virginia,2001,970.5434106
West Virginia,2002,823.0706946
West Virginia,2003,665.7137845
West Virginia,2004,630.8225054
West Virginia,2005,684.9613768
West Virginia,2006,771.7168892
West Virginia,2007,801.9684698
West Virginia,2008,633.7137965
West Virginia,2009,433.8376737
West Virginia,2010,310.7876909
West Virginia,2011,327.8100868
West Virginia,2012,175.8440903
West Virginia,2013,143.5691596
West Virginia,2014,165.718276
West Virginia,2015,101.8781371
West Virginia,2016,58.67216137
West Virginia,2017,46.50711089
West Virginia,2018,42.6625936
West Virginia,2019,37.68941756
West Virginia,2020,26.62040033
Wisconsin,1999,1072.877177
Wisconsin,2000,845.3392306
Wisconsin,2001,790.9647175
Wisconsin,2002,585.0581362
Wisconsin,2003,761.5530396
Wisconsin,2004,636.8842356
Wisconsin,2005,788.8481764
Wisconsin,2006,613.6571181
Wisconsin,2007,542.3288577
Wisconsin,2008,445.5975629
Wisconsin,2009,371.4639773
Wisconsin,2010,315.0789138
Wisconsin,2011,310.4703939
Wisconsin,2012,225.2470017
Wisconsin,2013,209.6020684
Wisconsin,2014,183.7577131
Wisconsin,2015,137.8360569
Wisconsin,2016,86.95486073
Wisconsin,2017,68.39026693
Wisconsin,2018,67.48160505
Wisconsin,2019,42.35327421
Wisconsin,2020,33.19257496
Wyoming,1999,8.405865266
Wyoming,2000,6.406676763
Wyoming,2001,7.221267474
Wyoming,2002,6.769549909
Wyoming,2003,6.626864666
Wyoming,2004,5.549679874
Wyoming,2005,5.826643827
Wyoming,2006,5.905896423
Wyoming,2007,5.73412345
Wyoming,2008,4.600277745
Wyoming,2009,4.670402681
Wyoming,2010,4.861450401
Wyoming,2011,3.619943583
Wyoming,2012,3.076414859
Wyoming,2013,3.431736504
Wyoming,2014,2.659921782
Wyoming,2015,2.846257778
Wyoming,2016,1.894753017
Wyoming,2017,2.051297468
Wyoming,2018,1.962464113
Wyoming,2019,1.731351934
Wyoming,2020,1.432222934
