,state_zip,year,deaths_coef_2_all,deaths_coef_1,deaths_coef_3
0,Alabama,1999,1467.980109023549,1331.5087120356477,1604.458939043789
1,Alabama,2000,1571.2594601755914,1425.1892296032936,1717.3371174814324
2,Alabama,2001,950.702044506203,862.3270880160222,1039.0802829167894
3,Alabama,2002,1021.2687815574217,926.3357781120136,1116.204968609158
4,Alabama,2003,797.1354763610842,723.0378357951771,871.2354296842216
5,Alabama,2004,888.9816552642632,806.3462937368422,971.6196307367602
6,Alabama,2005,1115.1071960336615,1011.4452637980093,1218.773853810124
7,Alabama,2006,1221.6498393643444,1108.0799251058509,1335.2256753022414
8,Alabama,2007,1664.4332367553284,1509.664831606051,1819.2169863131255
9,Alabama,2008,765.0088264572873,693.8945640491299,836.1259139254217
10,Alabama,2009,402.81902935111094,365.37654597084594,440.26237065956855
11,Alabama,2010,354.5359543858921,321.5833740346188,387.4888926721616
12,Alabama,2011,318.7635597907194,289.13519641114317,348.3923827926095
13,Alabama,2012,194.9793821966441,176.8570739431424,213.10185034792246
14,Alabama,2013,187.58332080089883,170.1485841048012,205.0181812917651
15,Alabama,2014,169.13142275297966,153.41152010704874,184.85146949820037
16,Alabama,2015,112.41995342433476,101.97132776454258,122.86862662606481
17,Alabama,2016,58.88986910957617,53.41656487307382,64.36318076698316
18,Alabama,2017,44.538805092751396,40.39931276406617,48.678302097152766
19,Alabama,2018,50.584076460146605,45.88272391873076,55.285435361253626
20,Alabama,2019,33.38076843362547,30.278321028895984,36.48321872343602
21,Alabama,2020,24.70782927002238,22.41145807555232,27.00420195097281
22,Arizona,1999,32.81117040557073,29.76087050458832,35.861635592004255
23,Arizona,2000,29.948489797484008,27.164433461997806,32.73267364665889
24,Arizona,2001,31.025998563887494,28.14132213832123,33.91090018023524
25,Arizona,2002,30.491106057749253,27.656430235702143,33.325948035619746
26,Arizona,2003,37.60563973102539,34.10945210267128,41.10205138989244
27,Arizona,2004,37.12540962122915,33.67388220441748,40.577155462005464
28,Arizona,2005,30.31415034834341,27.49542085468406,33.13314868573093
29,Arizona,2006,19.063408696472298,17.29158546708875,20.83524338572308
30,Arizona,2007,23.014886291061384,20.87580009961256,25.15398593259162
31,Arizona,2008,15.664330118841441,14.20844123828977,17.12022605875284
32,Arizona,2009,12.513006361260912,11.350026925974674,13.675988125053623
33,Arizona,2010,12.352389725006352,11.20433341477324,13.50044932778834
34,Arizona,2011,13.643965699301217,12.375866401644904,14.91206889623848
35,Arizona,2012,10.091645638966162,9.153716474044922,11.029575654222432
36,Arizona,2013,12.08403720446583,10.960928385519615,13.207147961414577
37,Arizona,2014,7.658018083888816,6.946271083386125,8.369766136008886
38,Arizona,2015,10.458753923083101,9.486703807348128,11.430805224292262
39,Arizona,2016,6.187772941753018,5.612675121826506,6.76287109419368
40,Arizona,2017,8.31101722599354,7.538582863582381,9.083452053514824
41,Arizona,2018,6.654765253954728,6.0362636589679886,7.273267419977343
42,Arizona,2019,2.8715144435658817,2.6046325704321234,3.138396561632265
43,Arizona,2020,4.120152626320621,3.73722105545665,4.5030845119895675
44,Arkansas,1999,462.3258067960926,419.3531664804797,505.2992132181143
45,Arkansas,2000,338.24248812955517,306.80416036748784,369.68118903524345
46,Arkansas,2001,288.89422623128837,262.0425120497535,315.7462829063186
47,Arkansas,2002,341.1244670673022,309.4186709220625,372.8305574613293
48,Arkansas,2003,310.6580967948431,281.7835235162284,339.5330348621635
49,Arkansas,2004,253.89843250759483,230.29969863194435,277.49741758774115
50,Arkansas,2005,437.4536573508186,396.79397707425056,478.11383230928413
51,Arkansas,2006,277.7379591832208,251.9230744692858,303.55319504699054
52,Arkansas,2007,290.3566108403717,263.36929476118513,317.3442052032832
53,Arkansas,2008,183.4850098778841,166.43106519740772,200.5391004936388
54,Arkansas,2009,148.5821791311429,134.77232188330387,162.3921428577719
55,Arkansas,2010,152.45209007999088,138.2824525216694,166.6218562354897
56,Arkansas,2011,152.80748517836324,138.60452385235035,167.01063517882773
57,Arkansas,2012,125.00664736794387,113.38790327072394,136.62550085963105
58,Arkansas,2013,115.15141902306273,104.44869479466837,125.85423878112374
59,Arkansas,2014,99.81608221671809,90.53870980598391,109.09353493671125
60,Arkansas,2015,73.54471513360409,66.70924854774238,80.38021580587511
61,Arkansas,2016,61.37297950147754,55.66874259859709,67.07725467964029
62,Arkansas,2017,65.47515481650686,59.38960143360784,71.56075821252199
63,Arkansas,2018,52.46860322078413,47.591958698964184,57.34528334215836
64,Arkansas,2019,32.976975863492285,29.91198556791605,36.04198373266614
65,Arkansas,2020,25.98713952256503,23.571835518417615,28.402451728547398
66,California,1999,48.24723529969293,43.763009660086276,52.73147976900088
67,California,2000,37.084523763609184,33.63777063815377,40.5312953416417
68,California,2001,39.05579888990472,35.425811890760514,42.68580887194644
69,California,2002,31.019483868154147,28.136416900746912,33.902569932161406
70,California,2003,28.248494389605465,25.622983344935072,30.874020819331957
71,California,2004,46.09742167698455,41.812970773896595,50.38189766826442
72,California,2005,31.663988933872083,28.72102205175537,34.60697473565419
73,California,2006,9.94837719621533,9.023765951782469,10.87298878984279
74,California,2007,12.889663776454304,11.691686579777382,14.08764144537175
75,California,2008,9.883959864749162,8.96533605420306,10.802583934476768
76,California,2009,12.550935200712,11.384440117652606,13.717430668151977
77,California,2010,8.738915794263201,7.9267136037583334,9.551118166772385
78,California,2011,6.756466786536338,6.128515131134179,7.384418571268699
79,California,2012,5.414470261286115,4.911244953764361,5.917695657689846
80,California,2013,15.16173952063247,13.752593842182831,16.570885687837492
81,California,2014,6.944847170764309,6.299387003692128,7.590307528558679
82,California,2015,8.924701788189724,8.095232133230335,9.754171702376956
83,California,2016,5.7881745713811315,5.250217084641663,6.326132110986699
84,California,2017,4.807709910748778,4.360877593905401,5.254542268407593
85,California,2018,4.709144117137174,4.271472518433178,5.146815768850939
86,California,2019,3.1854948968618135,2.889432339192987,3.481557516820165
87,California,2020,2.626802519538184,2.3826654368603792,2.8709396251812382
88,Colorado,1999,77.23121219690385,70.05264081391768,84.4099158573732
89,Colorado,2000,68.59491043857975,62.21901723563265,74.97093307334356
90,Colorado,2001,78.08048549817832,70.8228676472727,85.338259076837
91,Colorado,2002,79.0458168788712,71.69850096428044,86.39328430747418
92,Colorado,2003,69.83152396896796,63.340843193994495,76.32230462175194
93,Colorado,2004,52.60726546759436,47.71764160252496,57.496943785621035
94,Colorado,2005,51.731535050013136,46.923262654427425,56.53987000877257
95,Colorado,2006,53.45726679476948,48.48860757347565,58.4259877664286
96,Colorado,2007,51.223525909082284,46.46246355233768,55.984651792766265
97,Colorado,2008,40.981892822784204,37.17281562356239,44.79100891084267
98,Colorado,2009,34.7490936846711,31.519370697979415,37.97884054708548
99,Colorado,2010,38.061386983600855,34.52379986108966,41.59900149620896
100,Colorado,2011,27.874001087453706,25.28328141472274,30.464739078280502
101,Colorado,2012,28.183226971716437,25.56377068501598,30.80270094785588
102,Colorado,2013,30.687037206373773,27.834865669860616,33.5392283326018
103,Colorado,2014,21.83950707131596,19.809678075677873,23.869346117850494
104,Colorado,2015,23.84712307014948,21.630687359761897,26.063572397234058
105,Colorado,2016,16.70577896594907,15.153090788414106,18.258475487665976
106,Colorado,2017,14.601317294816381,13.244238710861891,15.958400253505214
107,Colorado,2018,11.140858452772115,10.105410064836585,12.17630863532623
108,Colorado,2019,9.00441323461791,8.167529738010877,9.84129809724977
109,Colorado,2020,6.336775550144695,5.747827434590193,6.925724384082254
110,Connecticut,1999,666.8998647590865,604.9146904988146,728.8856553265038
111,Connecticut,2000,553.6391771930963,502.181434099643,605.097352338726
112,Connecticut,2001,590.2915743991919,535.4267694375197,645.1569263828674
113,Connecticut,2002,541.126926437972,490.8320269027176,591.4222691537661
114,Connecticut,2003,441.76185781314973,400.7027585609971,482.8212491460589
115,Connecticut,2004,513.987688978836,466.2150218959731,561.7608214569256
116,Connecticut,2005,415.5864985233243,376.9601301041511,454.21316444499377
117,Connecticut,2006,444.22523198712963,402.9368807804043,485.51393760961037
118,Connecticut,2007,450.4588022906586,408.59085650794566,492.32715207534517
119,Connecticut,2008,395.8643332520382,359.07081015235656,432.65818404836205
120,Connecticut,2009,227.65708540768762,206.49797731187297,248.81629393619477
121,Connecticut,2010,172.82774949759377,156.76476298741173,188.89078673833706
122,Connecticut,2011,184.91610306050364,167.72956882398833,202.1026977002305
123,Connecticut,2012,98.39489981261326,89.24990082463457,107.5399201481996
124,Connecticut,2013,91.55218955810507,83.04316062788062,100.06123911839744
125,Connecticut,2014,73.70125807682332,66.85133824075426,80.55119233153768
126,Connecticut,2015,56.94600173752071,51.65333660349541,62.2386794917491
127,Connecticut,2016,35.8835829373381,32.54852287028684,39.21864573164441
128,Connecticut,2017,29.369900855167728,26.640230781039687,32.099572927207994
129,Connecticut,2018,30.52067458390452,27.68404833967431,33.35730331953796
130,Connecticut,2019,22.808451038180916,20.68860957431411,24.928293965605718
131,Connecticut,2020,21.089229735185164,19.12917346506819,23.049287572685856
132,DC,1999,158.49806940087265,143.76562511228994,173.23082449835428
133,DC,2000,125.17793978343941,113.54282524514517,136.81325603280823
134,DC,2001,170.37806987871934,154.5411220960584,186.21540379881048
135,DC,2002,167.12390255097773,151.58945320907756,182.6587270111383
136,DC,2003,54.5452617857606,49.47556638322197,59.61500194800529
137,DC,2004,77.86795702696993,70.63036743682865,85.10564581882737
138,DC,2005,86.59761153544324,78.54850288683555,94.64685597443152
139,DC,2006,116.28997724136296,105.4806653685586,127.0995423185976
140,DC,2007,135.63608749281806,123.02799980532288,148.24457887501345
141,DC,2008,104.64397592760707,94.91715120105901,114.3710335327054
142,DC,2009,72.03218575192501,65.3367833138892,78.72772711222436
143,DC,2010,43.595958275591386,39.54394660745928,47.64800499775919
144,DC,2011,49.43154150208377,44.8371601442166,54.02595919644386
145,DC,2012,25.959598184569906,23.54683048665138,28.372378881502765
146,DC,2013,22.301815743954055,20.22901495801855,24.374627499094
147,DC,2014,20.71247484496611,18.7873770665409,22.637585952267532
148,DC,2015,13.51796449698714,12.261558191048074,14.774378320253422
149,DC,2016,8.426341686617263,7.643184083056174,9.209500759585039
150,DC,2017,7.069936404927334,6.412846605682027,7.727027162549596
151,DC,2018,6.005715597683233,5.447536115625425,6.563895864422402
152,DC,2019,5.296268192727664,4.804025785709478,5.788511280299974
153,DC,2020,3.4739105066248928,3.1510409337169456,3.796780440016828
154,Delaware,1999,167.529894928896,151.95840462359124,183.10161844381696
155,Delaware,2000,133.8949922859955,121.44998291458357,146.3401471043956
156,Delaware,2001,175.85084287889188,159.50586257115015,192.19608405438967
157,Delaware,2002,173.48575832136314,157.3605977052275,189.61117837537103
158,Delaware,2003,98.67593098209454,89.5045149641034,107.8474293775254
159,Delaware,2004,110.50834856288996,100.23706322383275,120.77974818600319
160,Delaware,2005,138.98003492662514,126.06209596183177,151.8981853400057
161,Delaware,2006,143.74872953797967,130.38746411013724,157.11023110094067
162,Delaware,2007,158.80392169723825,144.04312102177008,173.5650188884808
163,Delaware,2008,158.79202017539646,144.03221221245764,173.55214790699435
164,Delaware,2009,91.70013869273235,83.17699502870941,100.2233776366068
165,Delaware,2010,65.63361826769086,59.533407104146484,71.73386511131326
166,Delaware,2011,78.49225046774617,71.19689279290269,85.78765524108961
167,Delaware,2012,40.41486022235836,36.65858560360744,44.17115279293067
168,Delaware,2013,32.46060032212651,29.443624758261134,35.477588867519636
169,Delaware,2014,30.373528569967956,27.550542285422,33.196524703195664
170,Delaware,2015,22.358634655462495,20.280565205426292,24.436712589046092
171,Delaware,2016,14.65012574627136,13.288521073473179,16.011732702442533
172,Delaware,2017,11.547731233305061,10.474470983784206,12.620992622467888
173,Delaware,2018,10.306960596973973,9.349018758487206,11.264903519836752
174,Delaware,2019,9.18963647836064,8.335540279360293,10.043733616466039
175,Delaware,2020,6.276922922443933,5.693538517828973,6.860307848007537
176,Florida,1999,1484.5186800715626,1346.5238167783455,1622.518177876699
177,Florida,2000,1440.5519385853595,1306.6575650029356,1574.4480361099015
178,Florida,2001,1040.3878085741885,943.6862128276122,1137.090876708876
179,Florida,2002,1011.764289183595,917.7228553830888,1105.807221997399
180,Florida,2003,697.9543673277578,633.0834768936604,762.8257691287306
181,Florida,2004,727.6073780400851,659.9804223952469,795.2348640100213
182,Florida,2005,833.5142517108796,756.043422887085,910.9857768756343
183,Florida,2006,817.3403418090354,741.3730250773568,893.3082940346659
184,Florida,2007,863.1531830353648,782.9261851977085,943.3811857266992
185,Florida,2008,448.50981514649584,406.82322943838034,490.1967598715902
186,Florida,2009,363.67119293322014,329.87034609840686,397.4722400057939
187,Florida,2010,377.77337647820104,342.66231888771836,412.88454071183264
188,Florida,2011,281.87025000728244,255.67258136618688,308.0680086113765
189,Florida,2012,211.79041286997736,192.10619474604422,231.47468435718164
190,Florida,2013,229.21555045395695,207.9116967176004,250.51948428488953
191,Florida,2014,237.37980612596695,215.31711855290047,259.44258237579606
192,Florida,2015,152.69213808947575,138.5006518887283,166.8836582823243
193,Florida,2016,91.67025714365927,83.15029785072991,100.19022826961402
194,Florida,2017,71.73713502237196,65.06977227070811,78.40451013632854
195,Florida,2018,71.47963052966092,64.83622654844507,78.12304152177516
196,Florida,2019,49.100830166595145,44.53734673219177,53.66431686657414
197,Florida,2020,33.93608346636349,30.782027098077208,37.0901422224632
198,Georgia,1999,1583.1648095066903,1435.9973560497697,1730.3377873681768
199,Georgia,2000,1763.7384727213405,1599.7814604255123,1927.7024265716243
200,Georgia,2001,1291.3031948464518,1171.2656931898953,1411.3453768838617
201,Georgia,2002,1251.730647274658,1135.3738962565806,1368.091494164889
202,Georgia,2003,983.9491216555737,892.4857002074746,1075.415508058874
203,Georgia,2004,1116.6393243190846,1012.83762366703,1220.445211005589
204,Georgia,2005,1191.6675820542991,1080.8891179772718,1302.4509666102122
205,Georgia,2006,1623.5302121003538,1472.5891378985032,1774.4813309970693
206,Georgia,2007,2613.2261326796734,2370.176891546496,2856.31111549321
207,Georgia,2008,1348.396700325268,1223.0357251710936,1473.7658770763146
208,Georgia,2009,589.0093839357564,534.2614514762276,643.7583340020516
209,Georgia,2010,623.6778624477543,565.7084874270649,681.6481173983257
210,Georgia,2011,560.412523897524,508.3229090234046,612.503052984109
211,Georgia,2012,310.1668315658087,281.33858871988485,338.99530149054624
212,Georgia,2013,251.53819187426205,228.15947512802293,274.91702564496154
213,Georgia,2014,217.74409731912428,197.50644981338917,237.98181653850685
214,Georgia,2015,140.330250655966,127.28775326386457,153.37276854626555
215,Georgia,2016,81.36658714218227,73.80426115764051,88.92892442848748
216,Georgia,2017,61.22140143693668,55.53139930104443,66.91141172318626
217,Georgia,2018,67.94785304057375,61.6326842564507,74.26303105239263
218,Georgia,2019,48.21179237021374,43.73092602353148,52.69266418406119
219,Georgia,2020,35.07602393321225,31.816017421718506,38.33603349495343
220,Idaho,1999,3.7191701663605508,3.3734991581776903,4.06484293290071
221,Idaho,2000,2.893396669998191,2.624475600399909,3.1623191006461076
222,Idaho,2001,3.401090800061849,3.0849824746721715,3.717200852843206
223,Idaho,2002,1.7605949021987497,1.5969615631440632,1.9242287219557481
224,Idaho,2003,1.8710376755928415,1.6971397321193507,2.044936093890184
225,Idaho,2004,1.774339010750336,1.6094287875080213,1.9392496115211557
226,Idaho,2005,2.1488660888364834,1.949146121558696,2.3485866222277365
227,Idaho,2006,1.6188762782829231,1.4684150732641927,1.7693378205060248
228,Idaho,2007,1.3612749574055014,1.2347548011629177,1.4877955755873096
229,Idaho,2008,1.407451517766682,1.2766404148429964,1.538262931590863
230,Idaho,2009,1.6199248978013254,1.4693665581491848,1.7704835080911456
231,Idaho,2010,1.8933410166004039,1.7173699468613006,2.069312609783614
232,Idaho,2011,1.2989944406054088,1.178263363389824,1.4197258400600556
233,Idaho,2012,1.167806994662937,1.0592689944469027,1.2763452313096395
234,Idaho,2013,1.775486914077522,1.610469797777234,1.9405044501384758
235,Idaho,2014,1.280267376182967,1.1612773245288828,1.3992576438475328
236,Idaho,2015,1.2453190945007795,1.129577533995315,1.361060794788256
237,Idaho,2016,0.7756896038575751,0.7035962360232794,0.8477830130595068
238,Idaho,2017,0.4435622309410181,0.4023370849025865,0.48478740648013807
239,Idaho,2018,0.6224384256929129,0.564588353735098,0.6802885353459976
240,Idaho,2019,0.8262799935721568,0.7494845270487289,0.9030755404897249
241,Idaho,2020,0.3343420549417438,0.3032679463289578,0.3654161862055533
242,Illinois,1999,3255.924739389082,2953.2633862717503,3558.5970255340794
243,Illinois,2000,2365.1543235642275,2145.3184483153723,2584.993618108639
244,Illinois,2001,2010.2366802446595,1823.3896179420067,2197.086648646738
245,Illinois,2002,1713.2478386646394,1554.0074097475003,1872.4902981380683
246,Illinois,2003,1969.6385023687426,1786.5677919621778,2152.7114776553453
247,Illinois,2004,1759.7004310454981,1596.1409896187251,1923.2622462415745
248,Illinois,2005,2408.2311100351335,2184.3889967740815,2632.0771859532824
249,Illinois,2006,1910.1316993456983,1732.5884158109413,2087.677899831468
250,Illinois,2007,1581.7680112816645,1434.7468100955384,1728.7913672296563
251,Illinois,2008,1126.0665169179229,1021.4046570493659,1230.7292794841583
252,Illinois,2009,990.6875366759991,898.608415133962,1082.7674552205403
253,Illinois,2010,823.3384231480261,746.8137622211511,899.8636945178466
254,Illinois,2011,749.8432882612968,680.150127244989,819.5368941660706
255,Illinois,2012,609.2450381478872,552.6198775351593,665.8705012115038
256,Illinois,2013,496.0103879753374,449.909917705161,542.1110422104374
257,Illinois,2014,443.14085219744607,401.95410250812733,484.3277885612044
258,Illinois,2015,335.4927535604224,304.311207133988,366.6744232737994
259,Illinois,2016,226.3594285634594,205.32109501121852,247.39782784166405
260,Illinois,2017,186.47184317403352,169.14073196481735,203.80301178286967
261,Illinois,2018,184.95907368690814,167.76859860595667,202.14959833528178
262,Illinois,2019,117.41874634706016,106.505633741866,128.33188506242297
263,Illinois,2020,94.55512675611865,85.76698871966796,103.34328827152324
264,Indiana,1999,2904.22006521838,2634.240970594192,3174.2112028143965
265,Indiana,2000,1956.2211568429448,1774.3816973440764,2138.066114242194
266,Indiana,2001,1969.9327986123574,1786.8112699899464,2153.06140482423
267,Indiana,2002,1658.9727369381976,1504.7658891941785,1813.1838271056197
268,Indiana,2003,1479.1614802394085,1341.6729505477076,1616.6529140046773
269,Indiana,2004,1460.9183100611633,1325.1193311792722,1596.7214201003171
270,Indiana,2005,1852.7746712929325,1680.5530310756972,2025.0011066871996
271,Indiana,2006,1820.0656939534044,1650.8760727121194,1989.2617473644484
272,Indiana,2007,1792.6099441361202,1625.9736551768656,1959.252342024249
273,Indiana,2008,1088.542189141876,987.3629196727985,1189.7233758609343
274,Indiana,2009,908.6822221293529,824.2225964574128,993.1430832477827
275,Indiana,2010,761.1843298666522,690.4346154114805,831.9350034721559
276,Indiana,2011,696.571895103999,631.8275619451476,761.3171354249539
277,Indiana,2012,564.2446330970787,511.80011793336485,616.6898044230905
278,Indiana,2013,476.258845347267,431.99278620173675,520.5253573592037
279,Indiana,2014,454.0234371698782,411.8231946702439,496.2242880778915
280,Indiana,2015,283.46152083208045,257.1153757506116,309.8078752797327
281,Indiana,2016,180.47530181051604,163.70150781707733,197.24915438770302
282,Indiana,2017,134.70900712056576,122.1888819543177,147.22916719433377
283,Indiana,2018,132.5833181428052,120.26076421155342,144.90590531571527
284,Indiana,2019,91.01560028553382,82.55645608183526,99.474762306932
285,Indiana,2020,72.07712049424673,65.37814626881405,78.77610974050232
286,Iowa,1999,267.30083006369,242.45677604215706,292.1450720318835
287,Iowa,2000,226.27014661398215,205.23965356030405,247.30079915371923
288,Iowa,2001,193.63963069726293,175.64201911021314,211.63736545763828
289,Iowa,2002,174.2066796270648,158.01527301673488,190.39819052836128
290,Iowa,2003,209.00406855866964,189.57851927089635,228.42973189068877
291,Iowa,2004,174.24558680503696,158.05059097309615,190.44068142595364
292,Iowa,2005,241.22484028211255,218.8044421846158,263.6453988374723
293,Iowa,2006,197.34557824554474,179.0036061512636,215.6876585457846
294,Iowa,2007,166.9684637550535,151.4498810155976,182.48713054884513
295,Iowa,2008,125.53855631225184,113.8706388994587,137.20652927921745
296,Iowa,2009,119.07843395851668,108.01102066564286,130.1458832178294
297,Iowa,2010,98.722506718752,89.54696072632652,107.89809434449292
298,Iowa,2011,90.97805406856855,82.522342717616,99.43379486196415
299,Iowa,2012,82.12399853651625,74.4911459506245,89.75688952475026
300,Iowa,2013,73.81305022770759,66.95269570200576,80.67342832190646
301,Iowa,2014,59.17775960937759,53.67764997797386,64.67788663009989
302,Iowa,2015,52.569779346317965,47.683828987806315,57.45574531206254
303,Iowa,2016,35.6979867267788,32.3801446744835,39.0158379485845
304,Iowa,2017,32.47099730800338,29.45307464683082,35.48892901453033
305,Iowa,2018,33.403008046040185,30.298454687381536,36.5075722801697
306,Iowa,2019,20.1869636167391,18.31075253869235,22.06317873967924
307,Iowa,2020,18.03906842934824,16.362487142794116,19.71565318226299
308,Kansas,1999,236.04356942254253,214.10423456615777,257.9831647397242
309,Kansas,2000,190.13621002868973,172.46374500600714,207.80889332321715
310,Kansas,2001,179.3265462146397,162.65870240137082,195.99461587301445
311,Kansas,2002,230.74912195718042,209.30166365133627,252.19688036223454
312,Kansas,2003,211.72426272912148,192.04501702942224,231.40380277640196
313,Kansas,2004,169.922149660225,154.12854780397916,185.7159383367903
314,Kansas,2005,218.25501802574908,197.96881928267516,238.5415069718045
315,Kansas,2006,170.15953594610744,154.34361919620093,185.97569118252582
316,Kansas,2007,155.18355479113782,140.7598494297715,169.60743045681778
317,Kansas,2008,124.94924270080614,113.33581713001195,136.56278109329892
318,Kansas,2009,97.30552547260974,88.2616701450798,106.34942337932074
319,Kansas,2010,87.84561366793884,79.68092615816037,96.01035265015516
320,Kansas,2011,85.23513412054325,77.31306783411321,93.15725160781768
321,Kansas,2012,75.37277788378631,68.3673619838579,82.37823766908218
322,Kansas,2013,66.1984866441755,60.045822193187746,72.35117734804955
323,Kansas,2014,64.02604867363107,58.075272408459526,69.97685525122867
324,Kansas,2015,49.88135459723742,45.245253272926696,54.517474633459265
325,Kansas,2016,35.23982292431799,31.964554873155112,38.51510180096128
326,Kansas,2017,33.24999765140329,30.159677399413052,36.34032627673162
327,Kansas,2018,30.81369856198164,27.94981339849137,33.67759135127751
328,Kansas,2019,16.79837777316802,15.237112362575424,18.359645590944773
329,Kansas,2020,16.99625463694821,15.416598965963658,18.575912599994428
330,Kentucky,1999,1903.2131897688034,1726.279498999222,2080.1566569878405
331,Kentucky,2000,1424.432646689743,1292.0207824053646,1556.8494404055368
332,Kentucky,2001,1458.9591628160113,1323.3339624268783,1594.5901984535662
333,Kentucky,2002,1140.8394691916837,1034.7957462702452,1246.8859100027582
334,Kentucky,2003,956.33713526331,867.4444204594898,1045.231906898256
335,Kentucky,2004,911.8015434406369,827.046316556767,996.5591723355437
336,Kentucky,2005,1153.6468507411482,1046.4127641427317,1260.883662592691
337,Kentucky,2006,1340.473496883971,1215.8688539270393,1465.082249070135
338,Kentucky,2007,1456.0711064434076,1320.7189632296677,1591.428132534752
339,Kentucky,2008,875.7431589585165,794.3412218494228,957.147088580727
340,Kentucky,2009,604.4845306262084,548.2984376189253,660.6716184636398
341,Kentucky,2010,575.4775974362617,521.9866633614988,628.9696837533679
342,Kentucky,2011,503.0936327205628,456.32990076392434,549.8585617221898
343,Kentucky,2012,407.9467442848302,370.02749685856094,445.86688877773
344,Kentucky,2013,309.0690660580423,280.3419624348814,337.79657878835775
345,Kentucky,2014,320.4995467286975,290.7098151740901,350.2897428556273
346,Kentucky,2015,178.9013976066919,162.27359082373377,195.52932294644256
347,Kentucky,2016,119.68995523112501,108.56564642260504,130.81431235992238
348,Kentucky,2017,91.54279853914164,83.03458681491892,100.05104228921125
349,Kentucky,2018,89.06366289640619,80.7858663651186,97.34149094298414
350,Kentucky,2019,65.53591259871925,59.44485993038534,71.6269850317383
351,Kentucky,2020,52.92686502991546,48.00770468491664,57.84604552775289
352,Louisiana,1999,456.0252471956236,413.6383010382185,498.4129359067645
353,Louisiana,2000,340.51346224308196,308.8641361076899,372.1631476687759
354,Louisiana,2001,275.63203412467055,250.0134146790854,301.250894238249
355,Louisiana,2002,349.5414599983461,317.0532612273084,382.02997784543555
356,Louisiana,2003,293.9483895498481,266.6270100406829,321.27009672577987
357,Louisiana,2004,318.3799716431097,288.7882780287395,347.9719160048555
358,Louisiana,2005,461.59322453135763,418.6896020635729,504.4974222718257
359,Louisiana,2006,258.72370671732017,234.6762687793478,282.7714449774366
360,Louisiana,2007,280.8586960508702,254.75427354026175,306.9633660362272
361,Louisiana,2008,174.69020621310966,158.45373861341142,190.92680304382475
362,Louisiana,2009,148.3359453020491,134.54893633739215,162.12306830471593
363,Louisiana,2010,140.68908403731524,127.61266185320575,153.76564448621303
364,Louisiana,2011,144.4267340710239,131.00260952570716,157.85106297790418
365,Louisiana,2012,114.60270775827972,103.95091415378157,125.2546106321601
366,Louisiana,2013,119.80578612913328,108.67012458858267,130.9416163807635
367,Louisiana,2014,108.45786691492542,98.3771796836507,118.53866334884499
368,Louisiana,2015,67.3722004944761,61.110359476967005,73.63408636517183
369,Louisiana,2016,43.97959510880739,39.89193762276345,48.06728566777234
370,Louisiana,2017,45.32738071742983,41.11447986708632,49.54031037043579
371,Louisiana,2018,41.111064355972836,37.29004077221629,44.93211475350589
372,Louisiana,2019,27.534739960661383,24.97558581311348,30.093905387037932
373,Louisiana,2020,21.48404867203072,19.487275425560785,23.4808280380858
374,Maine,1999,129.64791028842205,117.59807590905748,141.69779828596452
375,Maine,2000,126.50284109468343,114.7453107389503,138.2604252812048
376,Maine,2001,155.6870565294985,141.21693082224917,170.15727557523408
377,Maine,2002,127.36611599464544,115.52833588529833,139.2039532845211
378,Maine,2003,105.61511112258906,95.79899446266913,115.4312626330084
379,Maine,2004,118.45655756860964,107.4468634714246,129.4663037108169
380,Maine,2005,96.15643160856756,87.21940005296851,105.09350038640665
381,Maine,2006,108.89198781940003,98.7712309556048,119.01279692522519
382,Maine,2007,97.35731544246241,88.30862395420876,106.40605417517233
383,Maine,2008,88.43993134441628,80.22006931925075,96.65983217351817
384,Maine,2009,52.62617621202556,47.734991477390686,57.51737507987181
385,Maine,2010,37.26592593250216,33.80235356999609,40.72950846470498
386,Maine,2011,43.75852892619075,39.691530568957475,47.825537179526684
387,Maine,2012,23.676665479757236,21.47612412302752,25.877209816551442
388,Maine,2013,26.144685706968684,23.714762597860236,28.57461223176376
389,Maine,2014,19.564915460133623,17.74652712264863,21.383305972523043
390,Maine,2015,15.30010398671223,13.87809212219091,16.722117670003755
391,Maine,2016,9.969632182875527,9.04304502444973,10.89621978474107
392,Maine,2017,7.986781738549274,7.244482730532854,8.729081074773017
393,Maine,2018,8.200321112136153,7.438175206218108,8.962467426270766
394,Maine,2019,5.49179655660473,4.981383966939144,6.002209341511096
395,Maine,2020,5.727691553582219,5.195354404886896,6.260028959694011
396,Maryland,1999,1360.732425257663,1234.2491208679892,1487.2189735521335
397,Maryland,2000,1067.324688611789,968.116583222151,1166.5348762885988
398,Maryland,2001,1518.4076064274411,1377.2642279569188,1659.5553822860188
399,Maryland,2002,1479.2021361869388,1341.7050285585046,1616.7031315122515
400,Maryland,2003,546.4083422470532,495.62215921677677,597.1950555306591
401,Maryland,2004,696.9512239771321,632.1709961809568,761.7324899234357
402,Maryland,2005,844.6820639556805,766.1683804724005,923.1974501564697
403,Maryland,2006,1097.0294273675133,995.0567988619481,1199.0049054433227
404,Maryland,2007,1274.769951716361,1156.2714818250893,1393.2726050345377
405,Maryland,2008,1125.573200415514,1020.9443202923932,1230.2056216139408
406,Maryland,2009,706.6185478888939,640.9378373629525,772.3007054833337
407,Maryland,2010,458.85763036818645,416.20892608494876,501.5067725385595
408,Maryland,2011,535.7043433227949,485.9132414699806,585.4959255007628
409,Maryland,2012,275.4646719279403,249.86189353666958,301.06763229021686
410,Maryland,2013,240.33710040100019,217.9992305014524,262.6751264501629
411,Maryland,2014,228.67256048684018,207.41877927610804,249.92650241599293
412,Maryland,2015,154.98615245924975,140.58111081113498,169.39129943489596
413,Maryland,2016,97.92068549985504,88.81969273132206,107.02171347350614
414,Maryland,2017,76.9941391411796,69.8381932218125,84.15009605243056
415,Maryland,2018,67.88160344545437,61.57258325395232,74.19063464632272
416,Maryland,2019,60.74542578330473,55.0996565468064,66.39120411895462
417,Maryland,2020,40.31151666395714,36.5649119986592,44.05812593369139
418,Massachusetts,1999,1037.4727411458175,941.0452537689091,1133.9010488945407
419,Massachusetts,2000,900.1626604390932,816.4977872049358,983.8281668040149
420,Massachusetts,2001,1012.5840441572868,918.4695533784806,1106.6993916521878
421,Massachusetts,2002,861.904927497344,781.7957116575944,942.0147856109508
422,Massachusetts,2003,689.4216016897165,625.3443521109076,753.499239755585
423,Massachusetts,2004,785.574742828412,712.5600858903408,858.5899651737355
424,Massachusetts,2005,609.573114057964,552.9171206953985,666.2294797866429
425,Massachusetts,2006,679.3600856603766,616.2176547959403,742.5029677330177
426,Massachusetts,2007,679.6139131779089,616.4474696051548,742.7808944093889
427,Massachusetts,2008,622.0415222365723,564.2262132577902,679.8573045331574
428,Massachusetts,2009,336.7976683576313,305.4946715897924,368.1008233777322
429,Massachusetts,2010,268.23654310961444,243.3058298208579,293.1673815035054
430,Massachusetts,2011,285.0858669737278,258.58926137202707,311.5825779354944
431,Massachusetts,2012,153.6110793567553,139.33418723199267,167.88800523577436
432,Massachusetts,2013,140.2113551402378,127.17989093393727,153.24284333931158
433,Massachusetts,2014,106.40948306948971,96.51962941445495,116.2993526140824
434,Massachusetts,2015,85.02217508580488,77.12007855604224,92.92428650287155
435,Massachusetts,2016,55.1890348900135,50.059707777644284,60.31836555982795
436,Massachusetts,2017,44.10894511966504,40.00941526873087,48.208477397460236
437,Massachusetts,2018,46.36932899179355,42.05971340207167,50.67894782572546
438,Massachusetts,2019,33.87691107563861,30.72835708052129,37.02546687505086
439,Massachusetts,2020,32.80093659236136,29.75238284743177,35.84949247248118
440,Michigan,1999,2765.2392069757307,2508.2062642227975,3022.2782102842557
441,Michigan,2000,2030.131234052077,1841.433821450279,2218.831826475762
442,Michigan,2001,2184.579591301733,1981.5211616797035,2387.6425280167655
443,Michigan,2002,1576.8323601318482,1430.2696178926521,1723.3973110966292
444,Michigan,2003,1880.1772546053646,1705.4169013324881,2054.9407415693963
445,Michigan,2004,1370.8160923808994,1243.4027037959193,1498.2312696155288
446,Michigan,2005,2006.5952543628928,1820.08310184345,2193.111035927856
447,Michigan,2006,1489.4873269261204,1351.0424890112113,1627.9343751506453
448,Michigan,2007,1482.684547521558,1344.8682405770226,1620.503828568025
449,Michigan,2008,1098.3069523383704,996.2227478015573,1200.3925391045516
450,Michigan,2009,900.419728410547,816.7289358517429,984.1115696970089
451,Michigan,2010,647.3665797513316,587.1975604689229,707.5360684144412
452,Michigan,2011,691.3430929384793,627.0865656011405,755.6001508052927
453,Michigan,2012,568.6189088513004,515.7678294283844,621.4706477038874
454,Michigan,2013,521.1991721316977,472.7562778586429,569.6425290851251
455,Michigan,2014,444.343715983054,403.0448633475797,485.64281840061426
456,Michigan,2015,303.44622733864077,275.24285782075793,331.64977158249764
457,Michigan,2016,179.95572842874145,163.23025003148584,196.6812600686243
458,Michigan,2017,136.1349880649109,123.48235281391554,148.78765378888843
459,Michigan,2018,140.02696047577737,127.01254773968331,153.0414148928254
460,Michigan,2019,93.77586042661841,85.06016171309349,102.49157980464182
461,Michigan,2020,70.61404305014767,64.05106287633427,77.17703526286374
462,Minnesota,1999,224.82177049320026,203.92607654360097,245.7175858103961
463,Minnesota,2000,189.88238986324308,172.23398364527534,207.5309183071467
464,Minnesota,2001,170.0630725067868,154.2569345351966,185.86928223538388
465,Minnesota,2002,136.45870849576315,123.775841597061,149.141635549988
466,Minnesota,2003,179.42642689989344,162.74977431155824,196.10320813444935
467,Minnesota,2004,150.80765295059672,136.791096342074,164.82428779047402
468,Minnesota,2005,205.74674083729428,186.6239582232086,224.86963171067154
469,Minnesota,2006,143.24743233374264,129.93365524520587,156.56126161952557
470,Minnesota,2007,170.18431527265145,154.36693420943294,186.00176290739572
471,Minnesota,2008,121.40091758550838,110.11757975797272,132.68430596924878
472,Minnesota,2009,107.47159439095552,97.48294609398543,117.46027522478781
473,Minnesota,2010,92.77108969860842,84.14873704737198,101.39347081711968
474,Minnesota,2011,78.38664334050931,71.1012526782776,85.67204998942593
475,Minnesota,2012,65.87879212073248,59.755896261117854,72.001702767722
476,Minnesota,2013,69.36579365264053,62.918837805404,75.81275926312543
477,Minnesota,2014,50.11923767370593,45.461072611660576,54.77741216580128
478,Minnesota,2015,46.925952200471606,42.56458451130978,51.28732705355326
479,Minnesota,2016,36.05637437554707,32.70523866767318,39.407516146314244
480,Minnesota,2017,27.203265794867885,24.67495574293006,29.73157961619282
481,Minnesota,2018,27.434964991260987,24.885113386607152,29.98482185276826
482,Minnesota,2019,18.8088488142394,17.06073128202917,20.556968232033604
483,Minnesota,2020,16.833954529182815,15.26938727540741,18.398523229663585
484,Mississippi,1999,535.6445463790985,485.8565388573607,585.4335393481654
485,Mississippi,2000,468.95370351848163,425.3648263667266,512.5433952682353
486,Mississippi,2001,303.4673389826565,275.2612779389669,331.67372428912967
487,Mississippi,2002,358.80049765038746,325.4514473415605,392.14993053287634
488,Mississippi,2003,263.24518572592706,238.77793508008392,287.7126512134961
489,Mississippi,2004,270.3559185533237,245.22783068800538,295.4842131561735
490,Mississippi,2005,418.5987519418198,379.69150872864236,457.50647995776285
491,Mississippi,2006,334.6689495129027,303.5626488766375,365.7756438706149
492,Mississippi,2007,401.89340751162604,364.53873986153525,439.248566427695
493,Mississippi,2008,199.43741947143937,180.9008225355657,217.97416716987522
494,Mississippi,2009,136.16340156208648,123.50797513712114,148.8188892837482
495,Mississippi,2010,140.77133187485308,127.68755975554818,153.8551819452255
496,Mississippi,2011,118.28508140428585,107.2911655622504,129.27908186217965
497,Mississippi,2012,88.10483283026097,79.9159995675468,96.2937285873628
498,Mississippi,2013,106.76196280846453,96.8378352615488,116.68641686820654
499,Mississippi,2014,97.34587162588268,88.296615029209,106.39550969262491
500,Mississippi,2015,59.97079597696425,54.39697501796673,65.54463554233801
501,Mississippi,2016,34.442199285045554,31.241084207558433,37.643320834744976
502,Mississippi,2017,32.229627633408064,29.23415115546993,35.22511047031876
503,Mississippi,2018,31.09216166668354,28.202401492930665,33.98192832743805
504,Mississippi,2019,19.360919069570866,17.561489291820966,21.16035123038246
505,Mississippi,2020,14.771026341309287,13.398190047446443,16.14386390005094
506,Missouri,1999,1199.4005510010538,1087.895628550021,1310.9119871491794
507,Missouri,2000,857.868110311126,778.1303075642701,937.6073285284743
508,Missouri,2001,806.2375177587886,731.2974221323392,881.1792089990508
509,Missouri,2002,829.4598650440972,752.3626680314948,906.5584114941087
510,Missouri,2003,804.2394334135505,729.486330966491,878.9938670637893
511,Missouri,2004,651.3205072849256,590.7812096164191,711.8608477825745
512,Missouri,2005,1020.606535442398,925.7391141084313,1115.47631332296
513,Missouri,2006,804.8298934233082,730.0203666986416,879.6410684188243
514,Missouri,2007,753.6790923380178,683.6237654454043,823.7360252464629
515,Missouri,2008,516.1111647866938,468.1395946129045,564.0835172512138
516,Missouri,2009,480.67651116086415,435.99827329785103,525.3555294297142
517,Missouri,2010,381.882570688588,346.38715149238845,417.37859873788625
518,Missouri,2011,350.28334742791367,317.7255721591914,382.8415698583536
519,Missouri,2012,278.7551888747615,252.84621060002,304.66442635222654
520,Missouri,2013,231.35960990000422,209.85616949231363,252.86319520608822
521,Missouri,2014,247.70965706316642,224.68643725532053,270.7330615121793
522,Missouri,2015,184.36395195476223,167.22842130859613,201.49960730807157
523,Missouri,2016,139.00947923379331,126.08934779864373,151.92971058858885
524,Missouri,2017,128.30328636279427,116.37818394272261,140.22849125988603
525,Missouri,2018,125.70825633217326,114.02439312454874,137.39221070320593
526,Missouri,2019,78.93791890248798,71.60111289307856,86.274777664214
527,Missouri,2020,72.77383934630083,66.00991948384583,79.53781359450932
528,Montana,1999,4.028458105225525,3.6540421950980386,4.402875661391272
529,Montana,2000,2.727480847882193,2.4739803920616,2.9809826085183206
530,Montana,2001,2.9136603196763056,2.6428561431975557,3.1844658138381456
531,Montana,2002,2.4758620786419825,2.245749821580191,2.705975115042471
532,Montana,2003,2.2277007218066696,2.0206527095513707,2.4347495247661857
533,Montana,2004,1.791152561420509,1.6246785073369983,1.9576272322080142
534,Montana,2005,2.067868666908642,1.8756769135127171,2.2600609344655442
535,Montana,2006,2.3447550591106796,2.1268292280941052,2.5626814148182873
536,Montana,2007,1.816358908415528,1.6475416064565829,1.9851769400642758
537,Montana,2008,1.4736397222603956,1.3366764766468244,1.6106033939478344
538,Montana,2009,1.8881501353436037,1.7126615329823671,2.06363925642927
539,Montana,2010,1.958632614610013,1.7765932864352931,2.1406724680797318
540,Montana,2011,1.4800114495249017,1.3424564424821808,1.6175667941865894
541,Montana,2012,1.0536176695628074,0.9556923868369112,1.1515432139129615
542,Montana,2013,1.3723816339885633,1.244829837095309,1.4999337653304063
543,Montana,2014,0.7792134460938254,0.7067921542305247,0.851634864484448
544,Montana,2015,1.035719876544688,0.9394587909552502,1.1319810673951158
545,Montana,2016,0.7735534878921898,0.7016586125856753,0.8454484127038645
546,Montana,2017,0.46827456942137224,0.4247524919820003,0.5117967067732802
547,Montana,2018,0.616129178488651,0.5588654026595075,0.6733930104550868
548,Montana,2019,0.6268477263325425,0.5685877432410399,0.6851077691477337
549,Montana,2020,0.2699076431258555,0.24482215066110616,0.2949931512347
550,Nebraska,1999,112.49917675246034,102.0428964296021,122.95556438806524
551,Nebraska,2000,95.11079209217819,86.27055005738944,103.95115190866821
552,Nebraska,2001,89.69073062252228,81.35428705417034,98.02728091329094
553,Nebraska,2002,91.86719830735785,83.3285448622828,100.4059435827269
554,Nebraska,2003,87.90793826536944,79.73732538904535,96.0786298513895
555,Nebraska,2004,88.17242818241448,79.97720832877437,96.36773188619584
556,Nebraska,2005,114.90811358846393,104.22772692503679,125.58865224595436
557,Nebraska,2006,75.96012966034962,68.90002356089904,83.02030040753574
558,Nebraska,2007,74.61740667823378,67.68211393859538,81.55276002875468
559,Nebraska,2008,62.086772479734265,56.31612001396225,67.8574786189508
560,Nebraska,2009,53.64149265176945,48.655875643564684,58.62713773286085
561,Nebraska,2010,56.36709902459582,51.12809196001716,61.606148547358714
562,Nebraska,2011,46.73142128271821,42.388017817519,51.07485560918286
563,Nebraska,2012,43.969581398985774,39.88283807824781,48.05636117738095
564,Nebraska,2013,40.17622327183797,36.442100546798564,43.91036952427461
565,Nebraska,2014,33.17043332329357,30.087454045969334,36.25343199942236
566,Nebraska,2015,34.96784819916019,31.717780146271053,38.2179429694591
567,Nebraska,2016,20.68842188339762,18.76556182221553,22.611294819040605
568,Nebraska,2017,20.389687220398233,18.494586195552877,22.28480226432276
569,Nebraska,2018,20.27074121240506,18.386685147388697,22.15481334010092
570,Nebraska,2019,13.477407943194718,12.22477220191599,14.730050954128728
571,Nebraska,2020,12.757140336362122,11.571451134414108,13.942835919518883
572,Nevada,1999,10.28629793793875,9.330082132239017,11.242554695930654
573,Nevada,2000,8.675762763706043,7.8692862047802565,9.482269007344955
574,Nevada,2001,9.541322640280255,8.654331142600926,10.428358023571944
575,Nevada,2002,7.5638331602540845,6.860731299713985,8.266958320891062
576,Nevada,2003,11.538536282328096,10.465877796783627,12.611247770169879
577,Nevada,2004,9.544809014692968,8.657532481311465,10.43212143349047
578,Nevada,2005,10.843773134084017,9.835691773224381,11.85190641964845
579,Nevada,2006,2.673064835823909,2.4246261311787496,2.92150396678302
580,Nevada,2007,2.4854543683953687,2.254453250288283,2.7164557220584737
581,Nevada,2008,2.3003760423733204,2.086576233645166,2.51417608812768
582,Nevada,2009,2.2285703388674323,2.0214444311587414,2.4356964373419676
583,Nevada,2010,2.5464389645869536,2.309770167466665,2.7831079410013015
584,Nevada,2011,1.6493910237609541,1.49609493824883,1.8026872041358022
585,Nevada,2012,1.6451214654777513,1.4922221486956213,1.7980208867905434
586,Nevada,2013,2.7453734349869805,2.4902154652925863,3.0005315953626543
587,Nevada,2014,2.1615647392505504,1.9606653956980453,2.3624644756132276
588,Nevada,2015,2.0650956653669215,1.8731634790386438,2.257027988301719
589,Nevada,2016,1.2047512280286428,1.0927806106115978,1.3167218754698409
590,Nevada,2017,1.023315107795349,0.9282073157529566,1.1184229261681329
591,Nevada,2018,1.027141014211465,0.9316776214521842,1.1226044370132202
592,Nevada,2019,0.7341503771693223,0.6659176807492708,0.802383118046649
593,Nevada,2020,0.5937503002972054,0.5385666201126127,0.6489339984761261
594,New Hampshire,1999,147.04278882361336,133.37596987579818,160.70972117467684
595,New Hampshire,2000,142.07224097215257,128.8673223396974,155.2772865601602
596,New Hampshire,2001,184.6864909991571,167.52053835068938,201.85265957785478
597,New Hampshire,2002,135.46470445797942,122.87400622724648,148.0555068717139
598,New Hampshire,2003,111.68291126473079,101.30269531417427,122.06319351780304
599,New Hampshire,2004,137.21178824454182,124.45868255282929,149.96500471977018
600,New Hampshire,2005,113.79523821168455,103.21854993670824,124.37202376281212
601,New Hampshire,2006,121.3027950786483,110.02831467939023,132.57737976812626
602,New Hampshire,2007,119.05964548081639,107.99355294868359,130.12586118694554
603,New Hampshire,2008,104.00716915449989,94.34019034320868,113.67424543260907
604,New Hampshire,2009,62.717912114463346,56.88865122693805,68.54721639392706
605,New Hampshire,2010,47.34920376780836,42.94831548619254,51.75013678242048
606,New Hampshire,2011,53.959802387615845,48.94459257544708,58.975042089387266
607,New Hampshire,2012,27.278474058524665,24.743169059467746,29.813783858904703
608,New Hampshire,2013,26.23675236161599,23.798266959963865,28.675242316242826
609,New Hampshire,2014,20.824188227555126,18.88875856231713,22.75962080231765
610,New Hampshire,2015,16.325814302474175,14.808468977483907,17.843162098854865
611,New Hampshire,2016,11.036661705560705,10.010902891091831,12.062421197582756
612,New Hampshire,2017,8.47269845819028,7.685237454226551,9.260159900245808
613,New Hampshire,2018,8.93660665313293,8.106028996964655,9.767184887003156
614,New Hampshire,2019,6.268174870080355,5.685604591144106,6.8507454496214875
615,New Hampshire,2020,6.129092407266681,5.559448317348621,6.698736846551873
616,New Jersey,1999,1961.8583795699192,1779.5096696002975,2144.209577657087
617,New Jersey,2000,1548.978023294974,1405.0067405753696,1692.9509699535056
618,New Jersey,2001,1823.1138102987481,1653.6604937400498,1992.569539088551
619,New Jersey,2002,1760.5259425057538,1596.8904837286593,1924.1636300520317
620,New Jersey,2003,1258.294975175993,1141.3422472759137,1375.2489043820622
621,New Jersey,2004,1263.426604852572,1145.9958046431939,1380.8588389895967
622,New Jersey,2005,1312.0443564866282,1190.0929709667498,1433.9975890980909
623,New Jersey,2006,1314.8184805076594,1192.6098580457726,1437.0288286165933
624,New Jersey,2007,1356.727045627755,1230.6225875480538,1482.8333979616325
625,New Jersey,2008,1249.1841340984722,1133.0753392431177,1365.2947114417611
626,New Jersey,2009,704.6235414408933,639.1327795654337,770.1148214939454
627,New Jersey,2010,541.2914657281874,490.9820943964353,591.6011120593439
628,New Jersey,2011,562.4066542269853,510.13485633361336,614.6787200073288
629,New Jersey,2012,310.7340817799252,281.853705129174,339.61456522117345
630,New Jersey,2013,267.38699259789905,242.53542865162532,292.23864240028956
631,New Jersey,2014,218.14221407791484,197.86764358921567,238.41684023641886
632,New Jersey,2015,167.78138739700293,152.18741365240143,183.37541184486943
633,New Jersey,2016,104.46542439382753,94.75627804140152,114.17458150206403
634,New Jersey,2017,86.94750903169859,78.86650604844102,95.02851962529634
635,New Jersey,2018,80.9006332567127,73.38163171469058,88.41964234123294
636,New Jersey,2019,67.42435287629239,61.15785670049334,73.69085456725726
637,New Jersey,2020,55.25758982846208,50.12188667287602,60.39329746293454
638,New Mexico,1999,26.642950143586926,24.16586442226745,29.120214417116586
639,New Mexico,2000,21.880922148281577,19.846616108674564,23.915367057861765
640,New Mexico,2001,21.73720429685432,19.71650208207513,23.75799477292731
641,New Mexico,2002,22.05978116328519,20.00915443626053,24.11048465812432
642,New Mexico,2003,26.606269899534457,24.133114607358376,29.079496734382477
643,New Mexico,2004,17.73597863909879,16.087470143944483,19.384510403336034
644,New Mexico,2005,14.505825359580308,13.157574818898457,15.85408991914689
645,New Mexico,2006,15.028636449876476,13.631776963119622,16.425513747537256
646,New Mexico,2007,14.983134668635595,13.590521343766952,16.375762279409194
647,New Mexico,2008,10.765194314844837,9.764638917323795,11.765755916091338
648,New Mexico,2009,10.916211518330382,9.901627788183665,11.930799952412805
649,New Mexico,2010,9.455249281923455,8.576452914303593,10.334049441225531
650,New Mexico,2011,7.296171493237704,6.618043505273241,7.974302844183979
651,New Mexico,2012,7.552194208338246,6.850270267203867,8.254121720018325
652,New Mexico,2013,7.411778274348398,6.722903268675291,8.100657142726815
653,New Mexico,2014,6.892495665871875,6.25188472073602,7.533110155944677
654,New Mexico,2015,6.562206973908032,5.952292044864263,7.172125706101161
655,New Mexico,2016,4.934922512787961,4.476261369583697,5.393584843031398
656,New Mexico,2017,5.757824385014166,5.2226802819122415,6.292970054471383
657,New Mexico,2018,5.158084839563639,4.678684213174361,5.637486368365782
658,New Mexico,2019,2.8863190800442347,2.618060135874305,3.154578498102219
659,New Mexico,2020,2.3928979083195165,2.1704988569572126,2.615297236063427
660,New York,1999,3708.739461628324,3364.0250816158045,4053.4582254492516
661,New York,2000,2926.9511088863064,2654.903494352159,3199.0017182058486
662,New York,2001,3405.8794105074508,3089.3137815698306,3722.449277065247
663,New York,2002,3037.8655581899893,2755.507263323604,3320.2273006745127
664,New York,2003,2665.234446545033,2417.512458009466,2912.9591253242097
665,New York,2004,2591.118275882968,2350.2839888815142,2831.9553987599406
666,New York,2005,2558.420675413673,2320.624096664888,2796.2203424405334
667,New York,2006,2327.9429094960888,2111.570372029274,2544.3178654785356
668,New York,2007,2361.9997501824014,2142.4614101665693,2581.540618239669
669,New York,2008,2091.196000832774,1896.8288179395904,2285.56520835268
670,New York,2009,1242.0168048488958,1126.5795043324415,1357.4547897291657
671,New York,2010,869.9212859425514,789.068712179767,950.7741559474699
672,New York,2011,1024.497293405928,929.2776391484842,1119.717381613315
673,New York,2012,582.686988769234,528.5307164591588,636.843448037927
674,New York,2013,521.2855014544149,472.83610309617063,569.7350510563441
675,New York,2014,446.84140168511357,405.3110143008323,488.37191546679327
676,New York,2015,328.4226857607193,297.89837602557407,358.947090222605
677,New York,2016,199.98984092904774,181.40254595993306,218.57715457196255
678,New York,2017,163.80205840123213,148.57810489052738,179.02602604339498
679,New York,2018,159.85345814418676,144.99648583215446,174.71044553706113
680,New York,2019,124.37788278434932,112.81806319664122,135.93771202366432
681,New York,2020,110.87328744868023,100.56859771377964,121.17798626846691
682,North Carolina,1999,2252.8693053055435,2043.457941711684,2462.286414740096
683,North Carolina,2000,2442.135954855637,2215.126819042686,2669.152311533946
684,North Carolina,2001,2636.3894199392576,2391.3084722665753,2881.4812313450793
685,North Carolina,2002,2137.8123726743415,1939.0883634512656,2336.5433846181563
686,North Carolina,2003,1398.2183170178869,1268.256167771875,1528.1826603804554
687,North Carolina,2004,1536.7192781217227,1393.8782885451353,1679.5637864768742
688,North Carolina,2005,1831.6798432750925,1661.4169223550593,2001.9479398130743
689,North Carolina,2006,2255.993991995548,2046.2811926365946,2465.7147994639868
690,North Carolina,2007,2530.576576514089,2295.3335127039845,2765.8297749486946
691,North Carolina,2008,1593.144068446374,1445.0635776791476,1741.2271218689802
692,North Carolina,2009,801.9056852407235,727.3734271413023,876.4384659973271
693,North Carolina,2010,867.179954019407,786.5809868446337,947.7794582182224
694,North Carolina,2011,826.1337358927373,749.3498624351708,902.9180996745055
695,North Carolina,2012,367.37640170523804,333.23169768728616,401.5212019012582
696,North Carolina,2013,293.32181897998447,266.0599796271264,320.5837182514019
697,North Carolina,2014,353.5313797854125,320.67344458740297,386.38941070355855
698,North Carolina,2015,191.22048338109593,173.44815409606045,208.99284463961666
699,North Carolina,2016,108.9505638254304,98.82456826305044,119.07656953517558
700,North Carolina,2017,101.24035635214473,91.83095441269423,110.64976818620221
701,North Carolina,2018,89.23850462316773,80.94457224685276,97.53244513585011
702,North Carolina,2019,70.18728324519353,63.663993270282795,76.71057976110176
703,North Carolina,2020,45.762831546494866,41.50958571720113,50.0160803251669
704,North Dakota,1999,18.50142503786838,16.781712048435242,20.221174278700396
705,North Dakota,2000,14.132760898185873,12.819096779310483,15.446456760909754
706,North Dakota,2001,14.781244251795037,13.407328281275007,16.155188139504414
707,North Dakota,2002,11.971838788954004,10.859080503168508,13.084614851277907
708,North Dakota,2003,12.758480449727704,11.572613235982134,13.944365002923231
709,North Dakota,2004,13.345185945712984,12.104743116799286,14.585655703567001
710,North Dakota,2005,14.464727839281622,13.120261304107137,15.809215696692485
711,North Dakota,2006,11.69334457682014,10.606487036700099,12.780216349435007
712,North Dakota,2007,12.440394776217266,11.284083522502616,13.596724837455092
713,North Dakota,2008,10.455825930690795,9.483956181591905,11.427715674761094
714,North Dakota,2009,10.314636082778804,9.355891021771091,11.27340064694904
715,North Dakota,2010,11.750079968906144,10.657915236959488,12.842265937198537
716,North Dakota,2011,6.546117913684433,5.9376903038556135,7.154550968199652
717,North Dakota,2012,6.802089835493352,6.169849652129885,7.4343400455735935
718,North Dakota,2013,5.292722573067029,4.800801319405255,5.784646224556922
719,North Dakota,2014,4.314575507426823,3.91356582566883,4.715587205903672
720,North Dakota,2015,4.24672405373533,3.8520207876771035,4.641429284979815
721,North Dakota,2016,3.6687891906756906,3.3278005212551154,4.009779640304608
722,North Dakota,2017,2.617065388998843,2.3738259478956985,2.860306356252242
723,North Dakota,2018,3.1092916401924535,2.8203021657799785,3.3982830837195337
724,North Dakota,2019,2.059360061930689,1.8679580965108105,2.250762748100902
725,North Dakota,2020,2.1560411832069484,1.9556508382810867,2.3564328154804786
726,Ohio,1999,5446.206049539675,4939.936780014156,5952.494766414146
727,Ohio,2000,3923.821486292487,3559.0875489461537,4288.565892404339
728,Ohio,2001,4355.353697502975,3950.5017365793756,4760.218403083667
729,Ohio,2002,3496.7398821654406,3171.704723614826,3821.784382398732
730,Ohio,2003,3049.7116992550914,2766.2384597037976,3333.1912476340895
731,Ohio,2004,2606.173249177334,2363.9248853037766,2848.4274954809543
732,Ohio,2005,3204.1926851142734,2906.3549367950923,3502.0381636671978
733,Ohio,2006,3378.4089567663486,3064.371422106529,3692.455861829565
734,Ohio,2007,3383.522043819407,3069.0029644103665,3698.0517922092054
735,Ohio,2008,2268.692465301925,2057.817024521595,2479.5723103384753
736,Ohio,2009,1889.411864728208,1713.790385044628,2065.037063521686
737,Ohio,2010,1344.262001816806,1219.311390377095,1469.2154646339336
738,Ohio,2011,1533.947493012742,1391.3600059849648,1676.5393425079699
739,Ohio,2012,1123.6499156351626,1019.2016984639025,1228.1012830384457
740,Ohio,2013,871.8256364231883,790.7910217108428,952.8615825300396
741,Ohio,2014,844.691426438579,766.1799107362195,923.2040222472899
742,Ohio,2015,510.0399979395991,462.63302284110284,557.4476865235723
743,Ohio,2016,323.4153232334594,293.3563259718699,353.4744306978177
744,Ohio,2017,232.42078225715028,210.8190540730626,254.02258599289073
745,Ohio,2018,229.95486695044335,208.5823301677701,251.3274777660009
746,Ohio,2019,173.4961383051611,157.37103234052884,189.6212947772714
747,Ohio,2020,144.1221382044747,130.72701377281533,157.51732539681046
748,Oklahoma,1999,485.8917509159221,440.728457745715,531.0558956521123
749,Oklahoma,2000,320.39009190056424,290.61073447694696,350.1698726187239
750,Oklahoma,2001,305.2739268338543,276.89897455791515,333.6494054059554
751,Oklahoma,2002,477.6583055465857,433.2603360330778,522.0571058770929
752,Oklahoma,2003,366.37992217604784,332.32519309043425,400.4352883227243
753,Oklahoma,2004,354.6591389155002,321.6941501888475,387.6246822633855
754,Oklahoma,2005,419.74637386917203,380.7313637690668,458.76209555313255
755,Oklahoma,2006,318.67613152435547,289.0549738755509,348.2979373593501
756,Oklahoma,2007,245.05456225911436,222.27709273195697,267.8324247409102
757,Oklahoma,2008,218.95718272208856,198.60598842553335,239.30861306001614
758,Oklahoma,2009,192.8237173847694,174.90165360664187,210.74596249696927
759,Oklahoma,2010,164.43205639183657,149.14877644485273,179.71550909801314
760,Oklahoma,2011,145.44134080874224,131.92304276945643,158.95981760797574
761,Oklahoma,2012,142.36408884112421,129.13192904568322,155.59639948265723
762,Oklahoma,2013,130.0235318164018,117.93850503133056,142.1086699888713
763,Oklahoma,2014,115.92384980542636,105.14934467693833,126.69844853713731
764,Oklahoma,2015,84.6643885569042,76.79534651723198,92.5334861567893
765,Oklahoma,2016,72.50283051008829,65.76412454548246,79.24158550371094
766,Oklahoma,2017,66.67155972431988,60.47486240305639,72.86829664258717
767,Oklahoma,2018,51.34819489113641,46.57576604655858,56.120642098795294
768,Oklahoma,2019,28.783671034156193,26.108461426661513,31.45888759218854
769,Oklahoma,2020,26.078830408616778,23.655016871718477,28.502649629413195
770,Oregon,1999,15.450436662698461,14.014257956325622,16.88665711595032
771,Oregon,2000,13.723956852235379,12.448253297281232,14.999699112662894
772,Oregon,2001,15.09294062619273,13.689948142606458,16.495983000250416
773,Oregon,2002,3.6322669813124406,3.2946666800431488,3.9698702992769603
774,Oregon,2003,2.9890953863394496,2.711275178797738,3.2669179447759507
775,Oregon,2004,2.7250724883557167,2.4717944532409812,2.9783521182218458
776,Oregon,2005,2.6114035380909306,2.3686896473971775,2.8541190916563695
777,Oregon,2006,1.2010952532824437,1.0894610778952352,1.3127301446685256
778,Oregon,2007,1.2771795986660786,1.1584685404228994,1.3958925101137356
779,Oregon,2008,1.5081709186311956,1.367995455962929,1.6483473940360052
780,Oregon,2009,1.763985016700413,1.6000344241217421,1.9279365355490048
781,Oregon,2010,1.8232214339989083,1.653760251367625,1.9926845910682
782,Oregon,2011,1.3210213447090875,1.1982343938394726,1.4438103964737838
783,Oregon,2012,1.2152235838727194,1.1022750160903876,1.328173133059136
784,Oregon,2013,1.738475534053956,1.5768919837929238,1.9000607952793667
785,Oregon,2014,1.2464761772139719,1.1306257789917489,1.3623269811535192
786,Oregon,2015,1.414533655982346,1.2830641252212072,1.5460035404062067
787,Oregon,2016,0.7404247173256782,0.6716083270843373,0.8092412651276752
788,Oregon,2017,0.8730697671894125,0.7919253356063711,0.9542143383552742
789,Oregon,2018,0.6730885922004349,0.6105308240225177,0.7356464456706319
790,Oregon,2019,0.82374059892399,0.7471807122997264,0.9003006547681175
791,Oregon,2020,0.37898475316152563,0.34376123271948167,0.41420835496036956
792,Pennsylvania,1999,5178.121595627551,4696.771413782027,5659.490583713233
793,Pennsylvania,2000,3912.2091249321247,3548.550346527144,4275.879212943881
794,Pennsylvania,2001,4954.2387470572785,4493.698634169427,5414.797209263943
795,Pennsylvania,2002,4461.715917849,4046.968931025322,4876.477626236334
796,Pennsylvania,2003,2677.0679832629485,2428.233730352749,2925.907478105027
797,Pennsylvania,2004,2633.4861289226583,2388.6998444423507,2878.278180519896
798,Pennsylvania,2005,3153.8837016361836,2860.71528622561,3447.0611640770762
799,Pennsylvania,2006,3607.9941962449557,3272.6013277929,3943.4000256773365
800,Pennsylvania,2007,3607.433722564327,3272.085692877077,3942.796201080316
801,Pennsylvania,2008,3547.717549427785,3217.90722963271,3877.544854258883
802,Pennsylvania,2009,2279.1237683347003,2067.2635781586264,2490.9914918068826
803,Pennsylvania,2010,1386.9258272615202,1258.0143086009227,1515.839315033412
804,Pennsylvania,2011,1668.9278797347947,1513.8044235783022,1824.0538088077988
805,Pennsylvania,2012,947.606180185879,859.5274291679733,1035.6864753142381
806,Pennsylvania,2013,827.8161537325792,750.8724940867038,904.7610052124137
807,Pennsylvania,2014,777.5794442890439,705.3035339285872,849.8568107135039
808,Pennsylvania,2015,563.487155898232,511.11179808132465,615.8634248735888
809,Pennsylvania,2016,321.2433847842504,291.3861546362901,351.1007444932156
810,Pennsylvania,2017,243.42874337911607,220.80398050075755,266.0535708709221
811,Pennsylvania,2018,223.88556213167652,203.07718032829047,244.69400376453106
812,Pennsylvania,2019,193.4277725107501,175.45021096095954,211.40538349108922
813,Pennsylvania,2020,151.49644731051498,137.41609369013267,165.576834062684
814,Rhode Island,1999,203.34897731629704,184.44869070761447,222.24944471591112
815,Rhode Island,2000,164.8945728018523,149.5685862634955,180.22067470043288
816,Rhode Island,2001,163.70537628244298,148.48990512749577,178.92096472745925
817,Rhode Island,2002,155.97542402429028,141.47841389798455,170.4725445661574
818,Rhode Island,2003,123.19771348820191,111.74728770181521,134.64820877060706
819,Rhode Island,2004,141.1924376202281,128.06940880952826,154.31556872740634
820,Rhode Island,2005,114.64927690173751,103.99335853175727,125.30526284301226
821,Rhode Island,2006,122.67269626152307,111.27104418387918,134.0744222986586
822,Rhode Island,2007,131.3991547532396,119.18634157800376,143.61206598747543
823,Rhode Island,2008,116.44382148003457,105.62100367564715,127.26673004382326
824,Rhode Island,2009,62.15292056101472,56.37622025242896,67.92965404367118
825,Rhode Island,2010,51.33093317365284,46.56009117162501,56.101797120755016
826,Rhode Island,2011,51.363571284722624,46.58971840529971,56.13744149055834
827,Rhode Island,2012,27.691747073514364,25.118025377236727,30.26547496415263
828,Rhode Island,2013,25.973394349141554,23.55938546401958,28.387407822491802
829,Rhode Island,2014,19.87254591687484,18.025562123118682,21.71953271637259
830,Rhode Island,2015,15.373006349131913,13.944214570954664,16.801800830191887
831,Rhode Island,2016,9.578549534608051,8.688309121474433,10.468790548069544
832,Rhode Island,2017,8.06406528293732,7.314582878368111,8.813548140046164
833,Rhode Island,2018,8.580356787529842,7.782889079540326,9.37782510969963
834,Rhode Island,2019,6.3156549581758945,5.728671644956278,6.90263861294869
835,Rhode Island,2020,6.129568761693525,5.559880122282825,6.699257807205894
836,South Carolina,1999,864.4356894531637,784.0882631731873,944.784372861397
837,South Carolina,2000,959.8703716387563,870.6521179748117,1049.0900991712542
838,South Carolina,2001,934.9134480116192,848.0139127973132,1021.8146203958569
839,South Carolina,2002,812.082892885398,736.6012137177056,887.5658211051982
840,South Carolina,2003,580.8745011681393,526.884355600155,634.8653106818933
841,South Carolina,2004,671.7483269200128,609.3107416505344,734.1868957075188
842,South Carolina,2005,697.6284453606555,632.7849029934808,762.4731023873953
843,South Carolina,2006,943.8328646082583,856.10332449984,1031.5642525547469
844,South Carolina,2007,1023.3929644321663,928.2659205890554,1118.522497654857
845,South Carolina,2008,684.8275146922441,621.1732207520884,748.483021683255
846,South Carolina,2009,361.85368365943776,328.22117523870696,395.48651165765875
847,South Carolina,2010,410.48904928449184,372.336370883372,448.6420396796435
848,South Carolina,2011,365.69186237957285,331.7028661462081,399.68112992984817
849,South Carolina,2012,170.3807006991857,154.54512173528173,186.21633510364705
850,South Carolina,2013,139.71019039064194,126.72527507740685,152.69513578918315
851,South Carolina,2014,148.0353556386659,134.27666113618332,161.79408681903908
852,South Carolina,2015,82.1016602143259,74.47102644154887,89.73230314778213
853,South Carolina,2016,44.26742933655717,40.15316820403184,48.38169323226742
854,South Carolina,2017,38.875501020190704,35.26237004361758,42.48863468878644
855,South Carolina,2018,38.8465968093902,35.23615256495784,42.457043673419506
856,South Carolina,2019,28.459968468549782,25.814870109213647,31.105068431251503
857,South Carolina,2020,18.618548999427986,16.88812348418308,20.348975291357448
858,South Dakota,1999,31.573388064544247,28.638860941747822,34.50793016141596
859,South Dakota,2000,26.006558776106516,23.589432510614436,28.423696813824556
860,South Dakota,2001,23.98753529896239,21.758069222124334,26.217010964929106
861,South Dakota,2002,21.366885118285015,19.380993879087836,23.35278396482899
862,South Dakota,2003,22.657017593447176,20.55121724324103,24.762826215777476
863,South Dakota,2004,23.692007882373186,21.49000277413068,25.894023720953665
864,South Dakota,2005,29.371188109060384,26.641337108045935,32.101053668682
865,South Dakota,2006,22.070952666774968,20.019623867677915,24.122289278323812
866,South Dakota,2007,22.799166229960782,20.680153827336287,24.918187038557257
867,South Dakota,2008,17.38867214523226,15.772525910149342,19.004824564226602
868,South Dakota,2009,15.77904856978632,14.31250625381979,17.245596185862095
869,South Dakota,2010,17.598537524724772,15.962885006307134,19.234196481157586
870,South Dakota,2011,12.877863114654222,11.68096754776958,14.074762254957134
871,South Dakota,2012,11.593919189826945,10.516351273225617,12.671491304636922
872,South Dakota,2013,11.272849042602672,10.225126750470686,12.320574482163165
873,South Dakota,2014,8.877773117356584,8.052657526906842,9.702890508280293
874,South Dakota,2015,8.851927366171124,8.029213681356502,9.674642896053786
875,South Dakota,2016,6.479703934527473,5.877469517490004,7.081939568278603
876,South Dakota,2017,5.338272481107669,4.842124130046179,5.83442192965244
877,South Dakota,2018,5.858172426103123,5.313703536492585,6.402642546986806
878,South Dakota,2019,3.856052840009505,3.497665640256964,4.21444061245559
879,South Dakota,2020,3.7155341961037074,3.3702072146036426,4.060861686468976
880,Tennessee,1999,2071.3818488053257,1878.8334497524856,2263.9369398772533
881,Tennessee,2000,1891.2173556641023,1715.4220857514924,2067.017572521355
882,Tennessee,2001,1552.6154337626851,1408.2934700299613,1696.9416496252506
883,Tennessee,2002,1340.7329351030928,1216.1126550784322,1465.3555867296343
884,Tennessee,2003,1224.8074631831323,1110.9624096111343,1338.6546776903613
885,Tennessee,2004,1076.1264830172472,976.1032328418839,1176.1512209198102
886,Tennessee,2005,1507.6190368131108,1367.4874087519784,1647.7532065650787
887,Tennessee,2006,1568.752165418232,1422.9362430305684,1714.5711491854565
888,Tennessee,2007,1855.6649957915793,1683.172519204258,2028.1627214198393
889,Tennessee,2008,996.7481269840766,904.103135466503,1089.394447447275
890,Tennessee,2009,524.488079215008,475.7402733087822,573.2361916321861
891,Tennessee,2010,528.2192664513577,479.1247428747422,577.3140839042294
892,Tennessee,2011,458.70512877539966,416.0715261145117,501.3389790962876
893,Tennessee,2012,334.91924581195343,303.7908589840017,366.04778515850427
894,Tennessee,2013,268.38371553629986,243.43950955925916,293.32800856946676
895,Tennessee,2014,274.3577338041076,248.8581874439926,299.8573899082282
896,Tennessee,2015,176.50661388808265,160.10171186269716,192.9115664672437
897,Tennessee,2016,112.67459060318426,102.20242338646928,123.14677982262927
898,Tennessee,2017,91.08143225277301,82.61617229033958,99.54670947698372
899,Tennessee,2018,94.07157831440124,85.32841769703845,102.81475501848463
900,Tennessee,2019,62.759195228578356,56.92626842802789,68.5921303785052
901,Tennessee,2020,46.15477942280652,41.86509567682918,50.44446816564787
902,Texas,1999,2310.7093462004304,2095.8714650983884,2525.563413086829
903,Texas,2000,1321.230345338807,1198.4108955345077,1444.0545787032183
904,Texas,2001,1051.0697710065965,953.3627460096008,1148.780861484778
905,Texas,2002,1532.2535677786707,1389.822030621586,1674.6897715039847
906,Texas,2003,1469.5328633784366,1332.9188485495602,1606.153964015362
907,Texas,2004,1353.7316510849273,1227.891626682962,1479.5764344422412
908,Texas,2005,1720.0051267076012,1560.1055009024428,1879.9131811072061
909,Texas,2006,1243.930732848458,1128.2880922176628,1359.5796936598265
910,Texas,2007,1043.5543090232547,946.5427876464431,1140.5705102447328
911,Texas,2008,922.0228794108884,836.3149610488426,1007.7337564691522
912,Texas,2009,758.4275475976458,687.9298495394984,828.9270662281754
913,Texas,2010,646.6703298614487,586.5605841950571,706.7816595972388
914,Texas,2011,652.440321322827,591.7890408961267,713.094266572353
915,Texas,2012,574.5948309027427,521.1851482266135,628.0058284752041
916,Texas,2013,637.1005142750183,577.8786780927506,696.3242455900257
917,Texas,2014,616.8540507249004,559.5162055432736,674.1933253721439
918,Texas,2015,444.67936172247846,403.3465977800472,486.01293225167086
919,Texas,2016,338.78211423324893,307.29291425376573,370.2718347486764
920,Texas,2017,371.8252521352533,337.2641907045436,406.38699969009105
921,Texas,2018,278.88425182817383,252.96221949994904,304.8067604320697
922,Texas,2019,172.74760477608265,156.6913239268894,188.80408866501764
923,Texas,2020,151.83127658018518,137.71923548647337,165.94346726682707
924,Utah,1999,11.546615964843893,10.473406120612449,12.619837863035682
925,Utah,2000,9.450382619542525,8.57200748429099,10.328767916835904
926,Utah,2001,11.585235972972255,10.508439203072387,12.662044295067009
927,Utah,2002,10.561568922935738,9.579907918317973,11.543242424668874
928,Utah,2003,10.389193835473037,9.423534941500417,11.35486903343744
929,Utah,2004,10.620630003580432,9.633467494949302,11.607807536639772
930,Utah,2005,10.788890495998922,9.7860884778698,11.791707795926447
931,Utah,2006,9.384729928326031,8.512435689812932,10.257038617513635
932,Utah,2007,7.3155909155292544,6.635657113012113,7.99552827738168
933,Utah,2008,5.14031062775859,4.662557145448646,5.618065997056177
934,Utah,2009,5.308854093168597,4.815436884169219,5.802273019531415
935,Utah,2010,6.802283545771155,6.17006078155408,7.434509075895617
936,Utah,2011,5.103079399444221,4.628784632922546,5.577376377220653
937,Utah,2012,6.359277845303663,5.768224184067863,6.950335128084927
938,Utah,2013,7.199941747021076,6.530756135715208,7.869130984923375
939,Utah,2014,6.597290210456929,5.984112606793862,7.210472029423879
940,Utah,2015,5.5104078589473025,4.998259072786838,6.0225581618147785
941,Utah,2016,3.4908367835579117,3.16639288008473,3.8152812913563467
942,Utah,2017,2.721619809969542,2.468668427907799,2.9745716064893184
943,Utah,2018,2.413196687849254,2.1889105431671645,2.637483213354088
944,Utah,2019,2.526105869514988,2.2913256220068017,2.760886547011637
945,Utah,2020,1.8050452432602049,1.6372816415155869,1.972809123868074
946,Vermont,1999,64.63768951937615,58.63006909396825,70.6453398074857
947,Vermont,2000,65.56904592178836,59.474848789143316,71.66327614577166
948,Vermont,2001,81.35346951470478,73.79214940804322,88.91484463419035
949,Vermont,2002,65.29974371786811,59.2305690167804,71.36895288663534
950,Vermont,2003,61.83941222166695,56.091871146191245,67.58698205599914
951,Vermont,2004,59.881448478963094,54.31586732450482,65.44706140073494
952,Vermont,2005,55.94228571796422,50.74282858942436,61.141771473447974
953,Vermont,2006,53.202684860757124,48.2578419592154,58.147557681443125
954,Vermont,2007,48.24830767351782,43.76394096698519,52.732701694180946
955,Vermont,2008,47.80304012549412,43.36007197597257,52.246032502247466
956,Vermont,2009,28.702868042662928,26.035156404654,31.370589074150466
957,Vermont,2010,16.763924224262006,15.205859075109325,18.321992165247437
958,Vermont,2011,22.956676098034382,20.823038860382518,25.090318821479325
959,Vermont,2012,14.062582550471587,12.755583118079214,15.369584565252149
960,Vermont,2013,13.781969809621419,12.501051725561977,15.062890272672437
961,Vermont,2014,11.456527866276002,10.391740151441555,12.521317535129656
962,Vermont,2015,8.386253274613246,7.6068216698381255,9.16568631760913
963,Vermont,2016,5.232328254179681,4.746030296662246,5.718626518406449
964,Vermont,2017,4.447722410345838,4.034346568431301,4.861098504103251
965,Vermont,2018,4.251583074260569,3.856436455561337,4.646729967728405
966,Vermont,2019,2.977471347427572,2.700742272269746,3.254200562804355
967,Vermont,2020,2.939013263294254,2.665858410508133,3.2121682768813424
968,Virginia,1999,1863.4448564531053,1690.23606232718,2036.6575143760433
969,Virginia,2000,1669.3601644963994,1514.1931591830346,1824.5303338344509
970,Virginia,2001,2071.2434057371433,1878.7137301112643,2263.7785714555903
971,Virginia,2002,1874.7972906014165,1700.5312693535707,2049.0676111789417
972,Virginia,2003,949.1796535388627,860.9573284172798,1037.4029758697122
973,Virginia,2004,1061.1548218172545,962.5235158842382,1159.7875197063322
974,Virginia,2005,1299.6655296094286,1178.8631339682897,1420.4700813608056
975,Virginia,2006,1596.648327871809,1448.2373576535797,1745.0628428743985
976,Virginia,2007,1771.1052000539557,1606.473720882123,1935.741528120582
977,Virginia,2008,1335.9053216227346,1211.7340642186286,1460.07888043081
978,Virginia,2009,805.3217057367063,730.469510314953,880.1749259738251
979,Virginia,2010,645.593273340954,585.5889570234594,705.5980814578481
980,Virginia,2011,711.0375913026642,644.9506015793368,777.1251199618779
981,Virginia,2012,338.66027502342035,307.1842555972802,370.13643438083113
982,Virginia,2013,271.24430798556244,246.03422752502468,296.4544773282708
983,Virginia,2014,313.5815205223054,284.43633030459023,342.72685247547105
984,Virginia,2015,181.70757944751153,164.81922666879836,198.5959969562928
985,Virginia,2016,109.55349222657941,99.37144375408266,119.7355541864939
986,Virginia,2017,93.3022723906209,84.63063759628426,101.9739179513186
987,Virginia,2018,82.24487887110548,74.60093135694017,89.888836138909
988,Virginia,2019,67.8350061202235,61.530333621581256,74.13968616417897
989,Virginia,2020,45.50936594291395,41.279670352166434,49.73906592618392
990,Washington,1999,40.549224232687926,36.779236670486185,44.31948090760954
991,Washington,2000,41.28921891512013,37.450328315304176,45.128404760180224
992,Washington,2001,38.15026648009974,34.603275999808105,41.69751867403279
993,Washington,2002,9.663399829046703,8.765193723325144,10.561622858231566
994,Washington,2003,6.646039157816563,6.028322671791578,7.263761523149374
995,Washington,2004,6.300883013244849,5.71525048065196,6.8865204237911
996,Washington,2005,5.243062164474789,4.7557546926366,5.7303723812103975
997,Washington,2006,2.4883654952230154,2.257089580061527,2.719642513810584
998,Washington,2007,3.6775199447408404,3.3357104565047293,4.019333134911618
999,Washington,2008,4.438602590759984,4.026060783147514,4.851147431069147
1000,Washington,2009,4.974055883957369,4.511748057936685,5.4363668641480265
1001,Washington,2010,4.9575065206191695,4.496726644256526,5.4182916336383675
1002,Washington,2011,3.194370538578122,2.8974671837017616,3.491277212136743
1003,Washington,2012,3.274029274594868,2.9697245842236066,3.5783368314191493
1004,Washington,2013,4.7829462462273105,4.338394793321686,5.227501980180055
1005,Washington,2014,3.462026787286524,3.140256178000139,3.7837988879182816
1006,Washington,2015,2.711620500704819,2.459597397749879,2.9636442361867124
1007,Washington,2016,1.8624878198480972,1.689385325510762,2.035590621104738
1008,Washington,2017,1.6195423242229887,1.4690194571580613,1.7700654791446866
1009,Washington,2018,1.3704617313825567,1.2430890490358961,1.4978346093702244
1010,Washington,2019,2.5749751005678085,2.335651826948539,2.814299026252234
1011,Washington,2020,1.201705500863439,1.0900170763651504,1.313394135570272
1012,West Virginia,1999,1163.356922474462,1055.2054361008409,1271.5141978153104
1013,West Virginia,2000,927.3923671316962,841.1811859757573,1013.6073716396733
1014,West Virginia,2001,964.702013410074,875.021517611052,1054.3866870550455
1015,West Virginia,2002,745.0677262268192,675.8078367014284,814.330228392561
1016,West Virginia,2003,502.18936852468835,455.51025734739477,548.8695578284178
1017,West Virginia,2004,497.3100388986912,451.0832037851923,543.5382007692243
1018,West Virginia,2005,558.1770509703609,506.291203474567,610.0646327440803
1019,West Virginia,2006,706.8729243234336,641.1605988048317,772.5883322502673
1020,West Virginia,2007,763.9948661915224,692.9723081238583,835.0207685834102
1021,West Virginia,2008,551.1510132372424,499.915817121682,602.3884264464062
1022,West Virginia,2009,367.27832543005803,333.13866342299275,401.4189186638994
1023,West Virginia,2010,278.01508512376375,252.17331756681585,303.8574348000859
1024,West Virginia,2011,309.1152451097432,280.3821874451249,337.84905263026377
1025,West Virginia,2012,157.3271311922851,142.70430551553648,171.95010559370616
1026,West Virginia,2013,126.41307978253015,114.66372358116948,138.16252431485282
1027,West Virginia,2014,162.05147164278978,146.9892709700424,177.11388075810814
1028,West Virginia,2015,89.44575960415466,81.13226829870305,97.75931981416653
1029,West Virginia,2016,54.506900261619045,49.44089130079831,59.57292916397406
1030,West Virginia,2017,42.72259355977244,38.751846325522045,46.693356731425474
1031,West Virginia,2018,38.60172073625892,35.01397631384294,42.189479898951475
1032,West Virginia,2019,34.02548521400568,30.863057087691498,37.18792857693469
1033,West Virginia,2020,26.40364103601114,23.949598689774344,28.85769740149902
1034,Wisconsin,1999,694.7150009318118,630.1444994608413,759.2861531584654
1035,Wisconsin,2000,515.2038943416374,467.3188525520856,563.0892661982108
1036,Wisconsin,2001,487.2614407069641,441.9733502742615,532.5498696095418
1037,Wisconsin,2002,351.64635474483686,318.9632570025586,384.3296216154013
1038,Wisconsin,2003,478.32584202200326,433.8684908737758,522.783478732837
1039,Wisconsin,2004,399.82800104362434,362.6666035705829,436.9896213145116
1040,Wisconsin,2005,483.17835098221434,438.2698615263342,528.0871552169732
1041,Wisconsin,2006,377.554509267266,342.4634328331759,412.6457662312483
1042,Wisconsin,2007,348.93563575348014,316.50468246780457,381.3667154892737
1043,Wisconsin,2008,274.550159657603,249.03284801419608,300.0675566740056
1044,Wisconsin,2009,234.89955834307764,213.06745925174107,256.73173126657935
1045,Wisconsin,2010,189.4603923735909,171.8515203046264,207.06932243273275
1046,Wisconsin,2011,188.68416554402515,171.1474663368071,206.22091664068736
1047,Wisconsin,2012,149.57547515761857,135.67361316542738,163.47737949338025
1048,Wisconsin,2013,136.8977298814303,124.1742111635201,149.62127777635328
1049,Wisconsin,2014,112.56663729296159,102.10452994298345,123.02876119298661
1050,Wisconsin,2015,86.95484949198811,78.87314708674808,95.03656303113809
1051,Wisconsin,2016,58.136976521121156,52.733657458912184,63.54030079509485
1052,Wisconsin,2017,48.03556268004297,43.57108242177153,52.50004693596191
1053,Wisconsin,2018,47.78337834236814,43.34233367922159,52.22442753676261
1054,Wisconsin,2019,28.67945229645975,26.013954318570818,31.344952006638536
1055,Wisconsin,2020,23.38019745091283,21.20721809420099,25.55317813963914
1056,Wyoming,1999,6.726607095350278,6.101405179511066,7.351814354863295
1057,Wyoming,2000,5.216586506677786,4.731735389831229,5.701441252218993
1058,Wyoming,2001,5.87009790752285,5.32450444732943,6.415695920844498
1059,Wyoming,2002,5.587740291787998,5.068391908529846,6.107092705239465
1060,Wyoming,2003,5.2805052146597005,4.789713208829376,5.771300897741856
1061,Wyoming,2004,4.449154911030403,4.035631527745028,4.86268149817971
1062,Wyoming,2005,4.642993280733385,4.211452993571463,5.074537063328344
1063,Wyoming,2006,4.752515168748404,4.310796513503371,5.194237180504392
1064,Wyoming,2007,4.630179519165255,4.199830594485336,5.06053184864672
1065,Wyoming,2008,3.538696855794205,3.209795392643147,3.8676008516831035
1066,Wyoming,2009,3.724455224444999,3.3782900200894503,4.070622801862878
1067,Wyoming,2010,3.855125871239892,3.4968176726932696,4.213436108263364
1068,Wyoming,2011,2.883535120547773,2.615529654903785,3.1515421390957963
1069,Wyoming,2012,2.492403159645626,2.260752567816924,2.724054734629296
1070,Wyoming,2013,2.6997956933236757,2.4488699295875644,2.9507224312575056
1071,Wyoming,2014,2.1477683630970272,1.9481501260698932,2.34738722632003
1072,Wyoming,2015,2.267511729663639,2.056764173379066,2.4782599699719015
1073,Wyoming,2016,1.528593080934641,1.3865228552029416,1.6706636454882862
1074,Wyoming,2017,1.6211080082845806,1.47043849775609,1.7717780377711627
1075,Wyoming,2018,1.5588264926979267,1.4139459990895338,1.7037073973106145
1076,Wyoming,2019,1.3744082901342005,1.2466680902289025,1.5021488335242967
1077,Wyoming,2020,1.1022997703357469,0.9998497972578085,1.2047500337023067
