state_zip,state_facility,deaths_coef_2
Alabama,Alabama,2733.649328880317
Alabama,Arizona,10.602458367142184
Alabama,Arkansas,120.81357679836374
Alabama,Colorado,23.68162252867945
Alabama,Connecticut,0.9130543759424875
Alabama,Delaware,11.186041904964679
Alabama,Florida,552.2635593224525
Alabama,Georgia,4719.042816682098
Alabama,Illinois,414.8940817088478
Alabama,Indiana,1142.3753691702404
Alabama,Iowa,91.74149607564071
Alabama,Kansas,68.66429306484315
Alabama,Kentucky,888.1454124197921
Alabama,Louisiana,175.08095386462054
Alabama,Maryland,107.34909972556666
Alabama,Massachusetts,7.643684821008254
Alabama,Michigan,186.55225978730527
Alabama,Minnesota,38.613106568747654
Alabama,Mississippi,220.28653234891033
Alabama,Missouri,307.95386307092554
Alabama,Montana,6.935670634453856
Alabama,Nebraska,44.40119530904828
Alabama,Nevada,2.984830098477675
Alabama,New Hampshire,4.1375104620026395
Alabama,New Jersey,11.77079354490258
Alabama,New Mexico,8.476854869245111
Alabama,New York,32.33147637673562
Alabama,North Carolina,471.44860243859756
Alabama,North Dakota,53.18744100127681
Alabama,Ohio,798.4648122520364
Alabama,Oklahoma,79.81914060281466
Alabama,Oregon,1.7705503743837059
Alabama,Pennsylvania,359.3558432799376
Alabama,South Carolina,285.4313262649192
Alabama,South Dakota,6.879271914218459
Alabama,Tennessee,875.9974854194757
Alabama,Texas,480.55894573730285
Alabama,Utah,5.073975280538344
Alabama,Virginia,120.17352342991849
Alabama,Washington,1.933435125025605
Alabama,West Virginia,289.1896805411539
Alabama,Wisconsin,97.15332331018752
Alabama,Wyoming,25.78944675789755
Arizona,Alabama,0.677880260496909
Arizona,Arizona,203.8323544206902
Arizona,Arkansas,0.6820702331846067
Arizona,Colorado,10.09238621877627
Arizona,Connecticut,5.437429135835008e-06
Arizona,Delaware,0.0006559525821675091
Arizona,Florida,0.5782904674970948
Arizona,Georgia,0.19846774464692832
Arizona,Illinois,0.555891848848396
Arizona,Indiana,0.6057488161235498
Arizona,Iowa,0.9157805290885271
Arizona,Kansas,1.393653443034157
Arizona,Kentucky,0.2680116788620196
Arizona,Louisiana,1.094178458921576
Arizona,Maryland,0.005413019875764196
Arizona,Massachusetts,0.0002494054616734824
Arizona,Michigan,0.15645966239256273
Arizona,Minnesota,0.33781715346063773
Arizona,Mississippi,0.3835856955495292
Arizona,Missouri,1.3311194569974405
Arizona,Montana,1.4390972875188615
Arizona,Nebraska,2.9190573863724727
Arizona,Nevada,86.40745424601025
Arizona,New Hampshire,0.00015285084264822122
Arizona,New Jersey,0.00038626804353425465
Arizona,New Mexico,36.322895297954666
Arizona,New York,0.004613228928162499
Arizona,North Carolina,0.03580712084284178
Arizona,North Dakota,3.62119905633318
Arizona,Ohio,0.24170835788539657
Arizona,Oklahoma,1.7262799139741032
Arizona,Oregon,2.3197248584675445
Arizona,Pennsylvania,0.07181560296567027
Arizona,South Carolina,0.14900105644848555
Arizona,South Dakota,0.15686646659014206
Arizona,Tennessee,0.2143931842174595
Arizona,Texas,26.526862146747654
Arizona,Utah,29.581610710736637
Arizona,Virginia,0.009152238057188245
Arizona,Washington,1.815250236677748
Arizona,West Virginia,0.03199767304741466
Arizona,Wisconsin,0.22797683716793696
Arizona,Wyoming,18.251683087642864
Arkansas,Alabama,341.63164649631153
Arkansas,Arizona,16.500185677935576
Arkansas,Arkansas,433.5871621032886
Arkansas,Colorado,35.11937423927945
Arkansas,Connecticut,0.17074725744932293
Arkansas,Delaware,1.7908513337665763
Arkansas,Florida,87.73217147218722
Arkansas,Georgia,219.79120350171578
Arkansas,Illinois,350.99584771418523
Arkansas,Indiana,546.7151034989248
Arkansas,Iowa,93.14832134538023
Arkansas,Kansas,106.00883408487155
Arkansas,Kentucky,330.93294037055085
Arkansas,Louisiana,173.83473025332248
Arkansas,Maryland,17.664444958987048
Arkansas,Massachusetts,1.4530047786241642
Arkansas,Michigan,78.04789216718167
Arkansas,Minnesota,30.558150218716168
Arkansas,Mississippi,68.60935924384812
Arkansas,Missouri,429.1039848837794
Arkansas,Montana,8.231447387966337
Arkansas,Nebraska,59.43435475999597
Arkansas,Nevada,4.8303916065800685
Arkansas,New Hampshire,0.9360515535189208
Arkansas,New Jersey,2.1960130159404176
Arkansas,New Mexico,13.439648582593446
Arkansas,New York,8.467876118273637
Arkansas,North Carolina,69.47670943156143
Arkansas,North Dakota,53.59867688312591
Arkansas,Ohio,227.9262250464443
Arkansas,Oklahoma,146.3339233450225
Arkansas,Oregon,2.3413217745046864
Arkansas,Pennsylvania,79.749295305077
Arkansas,South Carolina,36.81604850435687
Arkansas,South Dakota,6.807605573812001
Arkansas,Tennessee,308.4382652569399
Arkansas,Texas,870.779089093404
Arkansas,Utah,8.28543787059492
Arkansas,Virginia,20.277399247272964
Arkansas,Washington,2.4341087131896515
Arkansas,West Virginia,73.60568879193195
Arkansas,Wisconsin,58.26823790140579
Arkansas,Wyoming,35.932154154483406
California,Alabama,0.09593177450398024
California,Arizona,55.17833026579248
California,Arkansas,0.18533255735417706
California,Colorado,7.5062735902884885
California,Connecticut,0.0
California,Delaware,0.0003820078566886448
California,Florida,0.016933611618976822
California,Georgia,0.050431845444614674
California,Illinois,0.5104734267617084
California,Indiana,0.2385846011264128
California,Iowa,0.48588212397655406
California,Kansas,0.30796450288290667
California,Kentucky,0.11483988355708989
California,Louisiana,0.28656618141031265
California,Maryland,0.004890513862938302
California,Massachusetts,0.003116262377129476
California,Michigan,0.07632710660653814
California,Minnesota,0.7027777099598402
California,Mississippi,0.024093726082661825
California,Missouri,0.2620871626769771
California,Montana,2.1430238813490123
California,Nebraska,1.5506091513420404
California,Nevada,152.70273313388765
California,New Hampshire,0.0011440708091669117
California,New Jersey,0.00030020323537087993
California,New Mexico,21.77065511539336
California,New York,0.0004553153722428238
California,North Carolina,0.004585990912915434
California,North Dakota,6.031965726052551
California,Ohio,0.0863795265245466
California,Oklahoma,0.42945973730449
California,Oregon,23.104552218229365
California,Pennsylvania,0.036084817310892296
California,South Carolina,0.005051687618495587
California,South Dakota,0.33423869651915206
California,Tennessee,0.08894191800402844
California,Texas,10.135945538510613
California,Utah,42.04896502655024
California,Virginia,0.002533690721503347
California,Washington,61.18949687022841
California,West Virginia,0.030154095754873326
California,Wisconsin,0.2690825024499166
California,Wyoming,21.181554605024335
Colorado,Alabama,1.3272810561689226
Colorado,Arizona,57.56884452595079
Colorado,Arkansas,1.0946322655755047
Colorado,Colorado,556.0306680933738
Colorado,Connecticut,0.0008565882811394217
Colorado,Delaware,0.013390486653165636
Colorado,Florida,0.707222575061327
Colorado,Georgia,0.8647195444333472
Colorado,Illinois,2.7973837487943207
Colorado,Indiana,3.074617156695729
Colorado,Iowa,3.825625783967988
Colorado,Kansas,4.45170934703993
Colorado,Kentucky,1.3476456571328785
Colorado,Louisiana,1.1025132571576428
Colorado,Maryland,0.10759212766154794
Colorado,Massachusetts,0.010021991264867892
Colorado,Michigan,1.2257229486548546
Colorado,Minnesota,1.4889374349048952
Colorado,Mississippi,0.4356148863568537
Colorado,Missouri,4.200835951824329
Colorado,Montana,5.974910079934754
Colorado,Nebraska,18.83657049231127
Colorado,Nevada,20.718560124655028
Colorado,New Hampshire,0.006524909692890892
Colorado,New Jersey,0.0171973075915768
Colorado,New Mexico,89.37730065081163
Colorado,New York,0.07175462200188146
Colorado,North Carolina,0.3959090548028103
Colorado,North Dakota,12.356380105656667
Colorado,Ohio,1.675356572075691
Colorado,Oklahoma,4.014888312178467
Colorado,Oregon,4.202506170556338
Colorado,Pennsylvania,0.6101492100175137
Colorado,South Carolina,0.20772688703785572
Colorado,South Dakota,0.5559089415843378
Colorado,Tennessee,0.868461291698827
Colorado,Texas,41.46286065629321
Colorado,Utah,54.44774572911095
Colorado,Virginia,0.11416624707880095
Colorado,Washington,3.3984735234923336
Colorado,West Virginia,0.5408684472537966
Colorado,Wisconsin,1.735791106922058
Colorado,Wyoming,118.45619640413787
Connecticut,Alabama,160.73395662344652
Connecticut,Arizona,3.105393643575081
Connecticut,Arkansas,30.709970230870745
Connecticut,Colorado,10.033052441456253
Connecticut,Connecticut,14.366610112976797
Connecticut,Delaware,47.291054193188614
Connecticut,Florida,72.58255521565019
Connecticut,Georgia,234.03689878600073
Connecticut,Illinois,197.9435862231829
Connecticut,Indiana,478.2155853264017
Connecticut,Iowa,57.5064904414306
Connecticut,Kansas,32.80728572092511
Connecticut,Kentucky,316.13713877829883
Connecticut,Louisiana,23.080465730074536
Connecticut,Maryland,333.8405678496408
Connecticut,Massachusetts,354.313239433899
Connecticut,Michigan,305.07208218402246
Connecticut,Minnesota,39.579528862097476
Connecticut,Mississippi,18.534179941448205
Connecticut,Missouri,125.97252578667063
Connecticut,Montana,4.549187127231881
Connecticut,Nebraska,24.298775085494324
Connecticut,Nevada,1.1575306606965685
Connecticut,New Hampshire,98.07749278176938
Connecticut,New Jersey,91.89954731304178
Connecticut,New Mexico,2.6986502616410832
Connecticut,New York,186.0949516607056
Connecticut,North Carolina,289.126813442243
Connecticut,North Dakota,42.571285865253316
Connecticut,Ohio,997.9343526800712
Connecticut,Oklahoma,28.437095133295184
Connecticut,Oregon,1.0979488238003219
Connecticut,Pennsylvania,1201.025758230249
Connecticut,South Carolina,100.59518320607724
Connecticut,South Dakota,5.725897971511314
Connecticut,Tennessee,156.4118675068132
Connecticut,Texas,110.51211313820089
Connecticut,Utah,1.9929904427910659
Connecticut,Virginia,183.14546602057266
Connecticut,Washington,1.4028508086410274
Connecticut,West Virginia,472.27716978658486
Connecticut,Wisconsin,94.78226688582555
Connecticut,Wyoming,12.710862458529611
DC,Alabama,40.74013368640159
DC,Arizona,0.5363506529033993
DC,Arkansas,6.346810788266098
DC,Colorado,1.7593999930388167
DC,Connecticut,0.8002504341594665
DC,Delaware,58.32427735525664
DC,Florida,17.24576578402723
DC,Georgia,62.81092206887639
DC,Illinois,36.54695073754725
DC,Indiana,96.23675523774762
DC,Iowa,9.705009350718743
DC,Kansas,5.713577510722086
DC,Kentucky,68.82422936073023
DC,Louisiana,5.257125765544483
DC,Maryland,146.91633880097436
DC,Massachusetts,4.907279036971556
DC,Michigan,48.96366022084362
DC,Minnesota,5.54110726446811
DC,Mississippi,4.4274986987988045
DC,Missouri,23.053861922047936
DC,Montana,0.7085120995422592
DC,Nebraska,4.133986286034556
DC,Nevada,0.17211413695622843
DC,New Hampshire,2.9180910702522347
DC,New Jersey,23.89636416553129
DC,New Mexico,0.4557087553401439
DC,New York,20.889246266809117
DC,North Carolina,90.63753038587006
DC,North Dakota,6.171055076279797
DC,Ohio,206.62755641719548
DC,Oklahoma,5.15254477983285
DC,Oregon,0.1721544066616962
DC,Pennsylvania,273.63690130668436
DC,South Carolina,27.726972010047348
DC,South Dakota,0.8648347043571112
DC,Tennessee,38.00678743046024
DC,Texas,21.8558108635594
DC,Utah,0.3347513717727721
DC,Virginia,71.72588063863195
DC,Washington,0.2000042916547897
DC,West Virginia,106.58042833073924
DC,Wisconsin,14.214080831831605
DC,Wyoming,2.1112346635534007
Delaware,Alabama,53.32367037331349
Delaware,Arizona,0.786683690235657
Delaware,Arkansas,9.421342730541085
Delaware,Colorado,2.577849784131164
Delaware,Connecticut,2.1434875901889945
Delaware,Delaware,24.063229890047666
Delaware,Florida,24.31535363548409
Delaware,Georgia,81.65591589331933
Delaware,Illinois,51.609154205248906
Delaware,Indiana,132.43738829561002
Delaware,Iowa,14.305602194178503
Delaware,Kansas,8.210926618115172
Delaware,Kentucky,92.90776335150561
Delaware,Louisiana,7.595132941875595
Delaware,Maryland,128.71112411355878
Delaware,Massachusetts,11.183158276423232
Delaware,Michigan,73.48851581694905
Delaware,Minnesota,8.74624825545915
Delaware,Mississippi,6.304453572792176
Delaware,Missouri,33.950226928814146
Delaware,Montana,1.090459768843516
Delaware,Nebraska,6.294771915341349
Delaware,Nevada,0.26238226577410495
Delaware,New Hampshire,6.188757027859649
Delaware,New Jersey,40.688519201735346
Delaware,New Mexico,0.6696043338551309
Delaware,New York,37.88862440054108
Delaware,North Carolina,105.8757223193409
Delaware,North Dakota,9.475721513157357
Delaware,Ohio,277.1028312500229
Delaware,Oklahoma,7.581390435498113
Delaware,Oregon,0.2602804489053392
Delaware,Pennsylvania,366.4909333640872
Delaware,South Carolina,36.60510361028337
Delaware,South Dakota,1.314437468004107
Delaware,Tennessee,48.72972871134336
Delaware,Texas,32.181977522190074
Delaware,Utah,0.5103848348681883
Delaware,Virginia,72.784877044265
Delaware,Washington,0.3072700189008473
Delaware,West Virginia,134.54264900943195
Delaware,Wisconsin,21.52429403478859
Delaware,Wyoming,3.2072647892903414
Florida,Alabama,972.2110484046627
Florida,Arizona,11.37397575381178
Florida,Arkansas,95.34362655865698
Florida,Colorado,21.19355899424692
Florida,Connecticut,2.4849066313758152
Florida,Delaware,28.022244518991705
Florida,Florida,2114.6979940619826
Florida,Georgia,1208.940431520031
Florida,Illinois,314.04304164746424
Florida,Indiana,754.5080529339433
Florida,Iowa,80.33743258170576
Florida,Kansas,59.10533386958813
Florida,Kentucky,521.7199261969914
Florida,Louisiana,155.5029326167026
Florida,Maryland,213.38964655554182
Florida,Massachusetts,24.079627811020558
Florida,Michigan,211.09305217239583
Florida,Minnesota,37.75411619995593
Florida,Mississippi,206.0487814893073
Florida,Missouri,238.42164644183458
Florida,Montana,5.991544656430018
Florida,Nebraska,40.639850722571836
Florida,Nevada,2.7359859070905688
Florida,New Hampshire,14.580796722710712
Florida,New Jersey,30.33230317263629
Florida,New Mexico,7.561213290445694
Florida,New York,63.94347729865268
Florida,North Carolina,592.4950720464145
Florida,North Dakota,48.685796952851675
Florida,Ohio,879.6659028446967
Florida,Oklahoma,70.39575799499109
Florida,Oregon,1.6548551976715804
Florida,Pennsylvania,624.5000208520288
Florida,South Carolina,480.33964731207317
Florida,South Dakota,6.465380400495849
Florida,Tennessee,398.3140301634978
Florida,Texas,435.3996760908361
Florida,Utah,4.254290295843966
Florida,Virginia,207.36264410344754
Florida,Washington,1.6547767926389894
Florida,West Virginia,401.2559042325837
Florida,Wisconsin,91.77676364885494
Florida,Wyoming,22.046735644327967
Georgia,Alabama,1608.9864207939747
Georgia,Arizona,10.18388635472497
Georgia,Arkansas,120.27969920082828
Georgia,Colorado,24.846537544033826
Georgia,Connecticut,1.4870253718891582
Georgia,Delaware,21.645790606167726
Georgia,Florida,720.4533225272014
Georgia,Georgia,4090.0232875684083
Georgia,Illinois,431.9284759896045
Georgia,Indiana,1197.6057370387173
Georgia,Iowa,102.44782644712572
Georgia,Kansas,70.16118659034925
Georgia,Kentucky,945.4517592953374
Georgia,Louisiana,161.25550346060643
Georgia,Maryland,209.4564559707428
Georgia,Massachusetts,13.419139741182583
Georgia,Michigan,267.2164057484209
Georgia,Minnesota,43.946096395800446
Georgia,Mississippi,179.14844421566008
Georgia,Missouri,317.1939538269439
Georgia,Montana,7.548859505554903
Georgia,Nebraska,49.04740174081235
Georgia,Nevada,2.723243030252737
Georgia,New Hampshire,7.790454954106867
Georgia,New Jersey,21.739104232244625
Georgia,New Mexico,8.145214504361054
Georgia,New York,54.02665274356375
Georgia,North Carolina,1238.721973518104
Georgia,North Dakota,59.29846307326156
Georgia,Ohio,1224.784220219797
Georgia,Oklahoma,82.91165784981116
Georgia,Oregon,2.008855795369658
Georgia,Pennsylvania,620.6419393985215
Georgia,South Carolina,1154.532933359192
Georgia,South Dakota,7.5616470960208275
Georgia,Tennessee,918.1271696999731
Georgia,Texas,475.02456006692796
Georgia,Utah,5.072739747823713
Georgia,Virginia,244.28614108159806
Georgia,Washington,2.0688535822284844
Georgia,West Virginia,504.86681932590585
Georgia,Wisconsin,115.67663050470557
Georgia,Wyoming,27.538351514245697
Idaho,Alabama,0.02205166701238947
Idaho,Arizona,1.2899170430109503
Idaho,Arkansas,0.013076129103749189
Idaho,Colorado,0.7017829562017021
Idaho,Connecticut,5.273191314788179e-06
Idaho,Delaware,8.064156203483698e-05
Idaho,Florida,0.0018318241097815356
Idaho,Georgia,0.013414662096750638
Idaho,Illinois,0.06329510335983472
Idaho,Indiana,0.06987103451126493
Idaho,Iowa,0.05580843998110742
Idaho,Kansas,0.042087314873836275
Idaho,Kentucky,0.030963834488833965
Idaho,Louisiana,0.007389244767119546
Idaho,Maryland,0.001343224466386071
Idaho,Massachusetts,0.0001863292776883944
Idaho,Michigan,0.03621073800385072
Idaho,Minnesota,0.07118064764346958
Idaho,Mississippi,0.0020148900921029833
Idaho,Missouri,0.05581817924789107
Idaho,Montana,0.45684187463115467
Idaho,Nebraska,0.1534010789309011
Idaho,Nevada,7.8264775357974425
Idaho,New Hampshire,0.0001273097293088554
Idaho,New Jersey,0.00015515297716572887
Idaho,New Mexico,1.2405216542296686
Idaho,New York,0.00160594784370672
Idaho,North Carolina,0.005424391060100142
Idaho,North Dakota,0.64984138151259
Idaho,Ohio,0.04153157404803294
Idaho,Oklahoma,0.029172302980981855
Idaho,Oregon,8.057749760854644
Idaho,Pennsylvania,0.01776729468439231
Idaho,South Carolina,0.0013559027383771192
Idaho,South Dakota,0.015339653441839733
Idaho,Tennessee,0.012245416803902183
Idaho,Texas,0.10501914065492471
Idaho,Utah,8.389957723572211
Idaho,Virginia,0.0015126220077019755
Idaho,Washington,4.931081197642751
Idaho,West Virginia,0.015547552637195502
Idaho,Wisconsin,0.04464451907995993
Idaho,Wyoming,6.444441140149562
Illinois,Alabama,805.2034525084902
Illinois,Arizona,46.937800004432624
Illinois,Arkansas,397.5926857198372
Illinois,Colorado,130.78079706067388
Illinois,Connecticut,0.9680162397099484
Illinois,Delaware,7.754783933452539
Illinois,Florida,168.91381630713377
Illinois,Georgia,655.862000892877
Illinois,Illinois,4923.34314332708
Illinois,Indiana,9653.576693803625
Illinois,Iowa,812.4878441564066
Illinois,Kansas,416.2583251396619
Illinois,Kentucky,2811.336298559253
Illinois,Louisiana,219.61670640325488
Illinois,Maryland,92.96372969178705
Illinois,Massachusetts,8.320923170233572
Illinois,Michigan,1857.2247087777296
Illinois,Minnesota,352.186312891478
Illinois,Mississippi,106.65509052148691
Illinois,Missouri,2146.514670643127
Illinois,Montana,47.09352743509608
Illinois,Nebraska,281.9422899812857
Illinois,Nevada,17.482781146768172
Illinois,New Hampshire,6.7513766202098875
Illinois,New Jersey,10.408643142363024
Illinois,New Mexico,41.743260255970014
Illinois,New York,114.28957117533689
Illinois,North Carolina,289.421846469986
Illinois,North Dakota,376.53949025878666
Illinois,Ohio,2782.9793625434904
Illinois,Oklahoma,384.405627340188
Illinois,Oregon,13.383653938522773
Illinois,Pennsylvania,900.6563306192786
Illinois,South Carolina,111.38926851456108
Illinois,South Dakota,55.430687485815675
Illinois,Tennessee,994.9571421971982
Illinois,Texas,1506.1215877631912
Illinois,Utah,30.622442760220796
Illinois,Virginia,104.7081566630058
Illinois,Washington,15.094529966068203
Illinois,West Virginia,777.5077804243991
Illinois,Wisconsin,1360.0270721259706
Illinois,Wyoming,158.67390490849186
Indiana,Alabama,671.7937140382534
Indiana,Arizona,19.40176824683478
Indiana,Arkansas,201.57440457964387
Indiana,Colorado,54.39165706450803
Indiana,Connecticut,0.8404712160240987
Indiana,Delaware,8.584131010278348
Indiana,Florida,132.83694700064308
Indiana,Georgia,602.0452467285397
Indiana,Illinois,1551.3759473123205
Indiana,Indiana,6055.105712310885
Indiana,Iowa,311.1265084648568
Indiana,Kansas,173.7372170556351
Indiana,Kentucky,3263.796838734678
Indiana,Louisiana,128.3737954022733
Indiana,Maryland,112.51750481580073
Indiana,Massachusetts,7.440386270342209
Indiana,Michigan,1393.1786790680226
Indiana,Minnesota,147.11229211037866
Indiana,Mississippi,77.4112230380597
Indiana,Missouri,846.5725302890279
Indiana,Montana,20.36658906406498
Indiana,Nebraska,121.5405404877335
Indiana,Nevada,6.679387268595079
Indiana,New Hampshire,5.455097921132974
Indiana,New Jersey,10.2826499223984
Indiana,New Mexico,17.040814261356132
Indiana,New York,102.54312457235766
Indiana,North Carolina,305.6585355184754
Indiana,North Dakota,163.32114681661844
Indiana,Ohio,4599.47899480867
Indiana,Oklahoma,166.50365215763279
Indiana,Oregon,5.6852465697568935
Indiana,Pennsylvania,962.1495355158581
Indiana,South Carolina,107.27533566494745
Indiana,South Dakota,24.130610046510686
Indiana,Tennessee,865.6950434913348
Indiana,Texas,699.5097727594996
Indiana,Utah,12.583319017630645
Indiana,Virginia,121.90272667094756
Indiana,Washington,6.189883194416637
Indiana,West Virginia,924.5504670541179
Indiana,Wisconsin,452.6708776903185
Indiana,Wyoming,66.44786119974674
Iowa,Alabama,61.02557115386119
Iowa,Arizona,16.365905264231458
Iowa,Arkansas,57.14647894403287
Iowa,Colorado,47.94662223847239
Iowa,Connecticut,0.097319390413775
Iowa,Delaware,0.6223646814863593
Iowa,Florida,17.296574365859616
Iowa,Georgia,47.311228135023164
Iowa,Illinois,472.59211084331895
Iowa,Indiana,354.87986772228004
Iowa,Iowa,387.6505958025823
Iowa,Kansas,162.09050737889308
Iowa,Kentucky,129.31367609282208
Iowa,Louisiana,28.817350264843608
Iowa,Maryland,6.870051558345725
Iowa,Massachusetts,0.7787365731132461
Iowa,Michigan,110.34514279781668
Iowa,Minnesota,88.9387767683998
Iowa,Mississippi,11.68747860213387
Iowa,Missouri,376.7093585416363
Iowa,Montana,15.35352672775393
Iowa,Nebraska,120.26601258891166
Iowa,Nevada,6.22119860725473
Iowa,New Hampshire,0.530786750064043
Iowa,New Jersey,0.9206068124892787
Iowa,New Mexico,15.306563173380896
Iowa,New York,7.7500916354502625
Iowa,North Carolina,19.150119128990767
Iowa,North Dakota,111.29469402496083
Iowa,Ohio,153.40604891323056
Iowa,Oklahoma,125.40661656142038
Iowa,Oregon,4.569703490657854
Iowa,Pennsylvania,54.10586709016211
Iowa,South Carolina,8.285489626670604
Iowa,South Dakota,17.775916796820614
Iowa,Tennessee,58.955794595088264
Iowa,Texas,345.5942698483876
Iowa,Utah,11.521379116403402
Iowa,Virginia,6.6315582530737975
Iowa,Washington,5.025344958174475
Iowa,West Virginia,43.63619503858177
Iowa,Wisconsin,197.93506883493143
Iowa,Wyoming,57.08346063153743
Kansas,Alabama,51.62882782280736
Kansas,Arizona,31.006943026048653
Kansas,Arkansas,70.788536210371
Kansas,Colorado,66.48556652196643
Kansas,Connecticut,0.06039264843186404
Kansas,Delaware,0.5350579489727868
Kansas,Florida,21.729830090991488
Kansas,Georgia,36.75243961415696
Kansas,Illinois,133.76766838945096
Kansas,Indiana,149.5290100328533
Kansas,Iowa,117.1637629361121
Kansas,Kansas,339.0652162819048
Kansas,Kentucky,66.42441342694458
Kansas,Louisiana,37.24812274483331
Kansas,Maryland,5.00502665874016
Kansas,Massachusetts,0.42377779850939734
Kansas,Michigan,36.353932236332575
Kansas,Minnesota,28.78398335993696
Kansas,Mississippi,13.00473326537292
Kansas,Missouri,401.73646984194585
Kansas,Montana,13.752661216439858
Kansas,Nebraska,119.26455857225642
Kansas,Nevada,9.114512621229835
Kansas,New Hampshire,0.27017765393709686
Kansas,New Jersey,0.7607504393700587
Kansas,New Mexico,26.430969641097526
Kansas,New York,3.7594331639314005
Kansas,North Carolina,16.256238884043754
Kansas,North Dakota,74.55562920585537
Kansas,Ohio,66.44772581909702
Kansas,Oklahoma,302.38103500804954
Kansas,Oregon,4.172517057785507
Kansas,Pennsylvania,27.798575591126063
Kansas,South Carolina,7.532311922315769
Kansas,South Dakota,8.339584046078722
Kansas,Tennessee,37.27134709572965
Kansas,Texas,602.9917991876819
Kansas,Utah,16.13678299100858
Kansas,Virginia,4.977504504530374
Kansas,Washington,4.027807722302417
Kansas,West Virginia,19.83664742678436
Kansas,Wisconsin,41.812943246492054
Kansas,Wyoming,66.04733597129359
Kentucky,Alabama,698.0249811993308
Kentucky,Arizona,10.167646128706462
Kentucky,Arkansas,123.28105176675582
Kentucky,Colorado,26.979306317297794
Kentucky,Connecticut,0.7792622035939689
Kentucky,Delaware,9.899514011727744
Kentucky,Florida,139.4732497082893
Kentucky,Georgia,727.6003310742236
Kentucky,Illinois,650.9657410310015
Kentucky,Indiana,2507.242826035519
Kentucky,Iowa,133.6374627970138
Kentucky,Kansas,83.67685405719001
Kentucky,Kentucky,2756.8119385333057
Kentucky,Louisiana,93.2614256292503
Kentucky,Maryland,132.2780528071557
Kentucky,Massachusetts,6.417246363109058
Kentucky,Michigan,447.9963848886285
Kentucky,Minnesota,59.84699149579163
Kentucky,Mississippi,71.08985415445605
Kentucky,Missouri,420.39196157798
Kentucky,Montana,9.28592322782898
Kentucky,Nebraska,57.58526303702182
Kentucky,Nevada,3.111757897425144
Kentucky,New Hampshire,4.29926616717263
Kentucky,New Jersey,10.676067996492717
Kentucky,New Mexico,8.561508386009708
Kentucky,New York,59.7887930745432
Kentucky,North Carolina,451.58548175010463
Kentucky,North Dakota,72.34479430446179
Kentucky,Ohio,3293.843070676348
Kentucky,Oklahoma,85.47292063760905
Kentucky,Oregon,2.5275148728491117
Kentucky,Pennsylvania,716.8341599472406
Kentucky,South Carolina,134.16548822261697
Kentucky,South Dakota,10.274544149169651
Kentucky,Tennessee,972.5333174680806
Kentucky,Texas,402.61257846192404
Kentucky,Utah,6.052977183263812
Kentucky,Virginia,227.92093897217512
Kentucky,Washington,2.6889166853254274
Kentucky,West Virginia,1129.2924489744282
Kentucky,Wisconsin,164.2999478332644
Kentucky,Wyoming,31.9760237542478
Louisiana,Alabama,767.3996521063679
Louisiana,Arizona,13.401760508345642
Louisiana,Arkansas,157.5383365046657
Louisiana,Colorado,22.756592236956426
Louisiana,Connecticut,0.27779226247169947
Louisiana,Delaware,3.354528729234798
Louisiana,Florida,321.23606769720453
Louisiana,Georgia,347.58263213992876
Louisiana,Illinois,237.71396978938535
Louisiana,Indiana,452.99139260943394
Louisiana,Iowa,61.81956677313047
Louisiana,Kansas,62.1662701835327
Louisiana,Kentucky,296.3865130842669
Louisiana,Louisiana,507.0767072252963
Louisiana,Maryland,29.5889857728017
Louisiana,Massachusetts,2.816880726871826
Louisiana,Michigan,63.49476005069351
Louisiana,Minnesota,22.321056087459116
Louisiana,Mississippi,862.6496485150413
Louisiana,Missouri,228.0227136791925
Louisiana,Montana,5.531273056533172
Louisiana,Nebraska,38.160666284315475
Louisiana,Nevada,3.603269542285513
Louisiana,New Hampshire,1.8637719832090343
Louisiana,New Jersey,4.07678903791478
Louisiana,New Mexico,9.587269292531726
Louisiana,New York,9.77149145147129
Louisiana,North Carolina,107.46393170531412
Louisiana,North Dakota,35.89221056721504
Louisiana,Ohio,227.0223926941077
Louisiana,Oklahoma,91.3659433383561
Louisiana,Oregon,1.4979382132123327
Louisiana,Pennsylvania,90.22096508648951
Louisiana,South Carolina,74.2441889284781
Louisiana,South Dakota,4.72301240962991
Louisiana,Tennessee,249.4329983172311
Louisiana,Texas,715.5185328851975
Louisiana,Utah,5.333358369823313
Louisiana,Virginia,31.83124334183491
Louisiana,Washington,1.5699318267041946
Louisiana,West Virginia,79.49753058073188
Louisiana,Wisconsin,44.359369855443
Louisiana,Wyoming,22.56221444127385
Maine,Alabama,34.91314152219878
Maine,Arizona,0.8633898117281513
Maine,Arkansas,8.179503008304492
Maine,Colorado,2.9421466638116516
Maine,Connecticut,2.2369371582892983
Maine,Delaware,9.078848086431059
Maine,Florida,15.58060969773283
Maine,Georgia,49.7140484610642
Maine,Illinois,57.73195668235764
Maine,Indiana,133.64092727265043
Maine,Iowa,17.860891760763987
Maine,Kansas,10.210145218058951
Maine,Kentucky,79.56836242917835
Maine,Louisiana,5.424753921573596
Maine,Maryland,68.97867905697125
Maine,Massachusetts,36.184799320434024
Maine,Michigan,92.0508330107014
Maine,Minnesota,13.078868966918343
Maine,Mississippi,4.100760994956473
Maine,Missouri,36.81182562422927
Maine,Montana,1.4443216002800108
Maine,Nebraska,7.713292330289269
Maine,Nevada,0.33555166570109896
Maine,New Hampshire,30.201228310862092
Maine,New Jersey,16.47849559964792
Maine,New Mexico,0.7617217599809758
Maine,New York,48.54456618550701
Maine,North Carolina,58.49421566856542
Maine,North Dakota,13.39741788365247
Maine,Ohio,253.04056189799203
Maine,Oklahoma,8.410394091447516
Maine,Oregon,0.3570867824472701
Maine,Pennsylvania,289.83079283962854
Maine,South Carolina,20.767636866139828
Maine,South Dakota,1.7802670244575403
Maine,Tennessee,35.70916634870569
Maine,Texas,30.38423526620301
Maine,Utah,0.5721497823823894
Maine,Virginia,36.43859166669148
Maine,Washington,0.4678386245417175
Maine,West Virginia,109.94422906992408
Maine,Wisconsin,29.441985516198198
Maine,Wyoming,3.8456894881772383
Maryland,Alabama,380.60816504113467
Maryland,Arizona,5.482080108654589
Maryland,Arkansas,65.28808074332427
Maryland,Colorado,17.718174621662875
Maryland,Connecticut,8.796307312020026
Maryland,Delaware,312.89894888919116
Maryland,Florida,154.81563627269526
Maryland,Georgia,577.7314496474032
Maryland,Illinois,363.4854440233108
Maryland,Indiana,952.177928428704
Maryland,Iowa,98.47096992139889
Maryland,Kansas,57.21439008448626
Maryland,Kentucky,677.3272352620528
Maryland,Louisiana,51.353389123973564
Maryland,Maryland,1358.7238144063774
Maryland,Massachusetts,54.138180530481
Maryland,Michigan,510.6644277840564
Maryland,Minnesota,57.937253981545304
Maryland,Mississippi,42.60583636346309
Maryland,Missouri,234.90337991191421
Maryland,Montana,7.292102444200046
Maryland,Nebraska,42.653920132093816
Maryland,Nevada,1.7495475190498493
Maryland,New Hampshire,31.908486939292438
Maryland,New Jersey,348.953311506293
Maryland,New Mexico,4.618639114558505
Maryland,New York,230.9215796522454
Maryland,North Carolina,806.1818501002675
Maryland,North Dakota,63.40709050575136
Maryland,Ohio,2097.178861754744
Maryland,Oklahoma,52.26192401003033
Maryland,Oregon,1.7838524536092695
Maryland,Pennsylvania,3013.665411312299
Maryland,South Carolina,247.79756353167105
Maryland,South Dakota,8.947242949932804
Maryland,Tennessee,360.7604749953963
Maryland,Texas,220.6484705468387
Maryland,Utah,3.449896954123629
Maryland,Virginia,605.788745704011
Maryland,Washington,2.0764896132537656
Maryland,West Virginia,1066.637142648557
Maryland,Wisconsin,145.9388240164529
Maryland,Wyoming,21.669207339286984
Massachusetts,Alabama,234.94120371468725
Massachusetts,Arizona,4.946443627561642
Massachusetts,Arkansas,46.980884032682596
Massachusetts,Colorado,15.852005094281775
Massachusetts,Connecticut,16.326210680634308
Massachusetts,Delaware,62.868185496444625
Massachusetts,Florida,106.85466584630258
Massachusetts,Georgia,342.19529199658905
Massachusetts,Illinois,310.6647703481935
Massachusetts,Indiana,755.6367281066005
Massachusetts,Iowa,91.68756177098497
Massachusetts,Kansas,53.68178499125118
Massachusetts,Kentucky,488.11404616336864
Massachusetts,Louisiana,34.55363623381649
Massachusetts,Maryland,459.4176524381365
Massachusetts,Massachusetts,343.0255686959426
Massachusetts,Michigan,482.7855486227928
Massachusetts,Minnesota,64.90461377138779
Massachusetts,Mississippi,27.772617142683767
Massachusetts,Missouri,197.68895759991517
Massachusetts,Montana,7.4048721666867845
Massachusetts,Nebraska,39.08000645307709
Massachusetts,Nevada,1.8073748853946938
Massachusetts,New Hampshire,204.33866998470558
Massachusetts,New Jersey,115.20024233039595
Massachusetts,New Mexico,4.394903895743141
Massachusetts,New York,278.79486218922204
Massachusetts,North Carolina,418.230324975769
Massachusetts,North Dakota,68.7480732274864
Massachusetts,Ohio,1517.9914893390917
Massachusetts,Oklahoma,44.82445769341842
Massachusetts,Oregon,1.7753670752149981
Massachusetts,Pennsylvania,1755.2737463441713
Massachusetts,South Carolina,149.66827174025337
Massachusetts,South Dakota,9.20416894206823
Massachusetts,Tennessee,235.4375814808345
Massachusetts,Texas,171.6449947048619
Massachusetts,Utah,3.2020680387294713
Massachusetts,Virginia,256.0036903059462
Massachusetts,Washington,2.4254594019916293
Massachusetts,West Virginia,692.9176117579101
Massachusetts,Wisconsin,151.45151015554757
Massachusetts,Wyoming,20.559364418684243
Michigan,Alabama,527.8294248638598
Michigan,Arizona,22.14978252142115
Michigan,Arkansas,175.7279165051812
Michigan,Colorado,68.48147097318854
Michigan,Connecticut,2.0818660179766186
Michigan,Delaware,15.075096072160619
Michigan,Florida,118.35861347015599
Michigan,Georgia,532.7923082160709
Michigan,Illinois,1451.659807368653
Michigan,Indiana,3553.003706857924
Michigan,Iowa,392.4064469015497
Michigan,Kansas,215.6106981816981
Michigan,Kentucky,1749.4870614504916
Michigan,Louisiana,107.80922901358089
Michigan,Maryland,201.119862981906
Michigan,Massachusetts,14.232311160313872
Michigan,Michigan,5095.891959826542
Michigan,Minnesota,242.63740475458346
Michigan,Mississippi,64.56383660423359
Michigan,Missouri,830.342354213786
Michigan,Montana,29.7129200234471
Michigan,Nebraska,159.61420840950265
Michigan,Nevada,8.45589293734763
Michigan,New Hampshire,12.555480277488883
Michigan,New Jersey,21.576346099873422
Michigan,New Mexico,19.62696625713987
Michigan,New York,371.5115900844308
Michigan,North Carolina,342.63283699933885
Michigan,North Dakota,256.48003850561884
Michigan,Ohio,5757.244903161176
Michigan,Oklahoma,189.36749628889936
Michigan,Oregon,7.915289530114475
Michigan,Pennsylvania,2193.012716423246
Michigan,South Carolina,112.08403295664634
Michigan,South Dakota,36.32112413483499
Michigan,Tennessee,622.1988093699423
Michigan,Texas,686.2309097580651
Michigan,Utah,15.237222108616862
Michigan,Virginia,151.1474767425596
Michigan,Washington,9.48338649804216
Michigan,West Virginia,1267.3277601371224
Michigan,Wisconsin,732.1045097839421
Michigan,Wyoming,87.1824245076498
Minnesota,Alabama,39.04035312576256
Minnesota,Arizona,14.46868855051172
Minnesota,Arkansas,37.00221016921906
Minnesota,Colorado,48.72124159989941
Minnesota,Connecticut,0.09607491034437997
Minnesota,Delaware,0.5616588277549046
Minnesota,Florida,11.572032293676857
Minnesota,Georgia,29.792549646348277
Minnesota,Illinois,202.93666152878924
Minnesota,Indiana,213.9342955717847
Minnesota,Iowa,234.58748809818042
Minnesota,Kansas,131.40232316156195
Minnesota,Kentucky,77.64928377777261
Minnesota,Louisiana,19.69461883956572
Minnesota,Maryland,6.750403846455798
Minnesota,Massachusetts,0.7856736476813716
Minnesota,Michigan,102.61843634904174
Minnesota,Minnesota,380.59333198700034
Minnesota,Mississippi,7.9093276963969
Minnesota,Missouri,217.84333722007696
Minnesota,Montana,21.44802087715486
Minnesota,Nebraska,121.29516775708618
Minnesota,Nevada,6.790811743699614
Minnesota,New Hampshire,0.5038059816948963
Minnesota,New Jersey,0.7523168797192742
Minnesota,New Mexico,13.327065563282087
Minnesota,New York,7.340003661450936
Minnesota,North Carolina,13.21775138161221
Minnesota,North Dakota,182.71789216479428
Minnesota,Ohio,117.03580817547413
Minnesota,Oklahoma,97.4425099601706
Minnesota,Oregon,6.658963521299744
Minnesota,Pennsylvania,50.36321029116871
Minnesota,South Carolina,5.1528388717704185
Minnesota,South Dakota,32.92956289478325
Minnesota,Tennessee,34.88830397311429
Minnesota,Texas,249.85301182445198
Minnesota,Utah,12.033844212475175
Minnesota,Virginia,5.208295639141437
Minnesota,Washington,7.214995176321059
Minnesota,West Virginia,35.779651252668394
Minnesota,Wisconsin,266.00340194528746
Minnesota,Wyoming,66.0409301041594
Mississippi,Alabama,1569.359625546562
Mississippi,Arizona,8.410595063721734
Mississippi,Arkansas,104.60206120158206
Mississippi,Colorado,16.96226554494495
Mississippi,Connecticut,0.3174781630446282
Mississippi,Delaware,3.4523975285334405
Mississippi,Florida,303.88792588136414
Mississippi,Georgia,546.0710842922691
Mississippi,Illinois,272.96350573061636
Mississippi,Indiana,601.5904814459122
Mississippi,Iowa,57.89854612237522
Mississippi,Kansas,49.329566472902286
Mississippi,Kentucky,433.85762216442856
Mississippi,Louisiana,165.63321435549958
Mississippi,Maryland,34.76589047338036
Mississippi,Massachusetts,2.775660014044697
Mississippi,Michigan,84.17526900020378
Mississippi,Minnesota,21.987639391062473
Mississippi,Mississippi,256.258622934114
Mississippi,Missouri,220.90098186558225
Mississippi,Montana,4.507043258138288
Mississippi,Nebraska,29.763604167811845
Mississippi,Nevada,2.3279297321333736
Mississippi,New Hampshire,1.7920087164634049
Mississippi,New Jersey,4.033896576892588
Mississippi,New Mexico,6.4908031492828275
Mississippi,New York,11.368603777534593
Mississippi,North Carolina,132.3977693667464
Mississippi,North Dakota,32.56680245305709
Mississippi,Ohio,308.31620527551075
Mississippi,Oklahoma,60.42694609899998
Mississippi,Oregon,1.1554549584009373
Mississippi,Pennsylvania,115.48479982833383
Mississippi,South Carolina,80.11080417555902
Mississippi,South Dakota,4.2618848859193985
Mississippi,Tennessee,415.60347177829044
Mississippi,Texas,392.0100284815484
Mississippi,Utah,3.7523042489277088
Mississippi,Virginia,38.13186937358718
Mississippi,Washington,1.2684194864833604
Mississippi,West Virginia,106.88638397907847
Mississippi,Wisconsin,49.8620747264579
Mississippi,Wyoming,17.752247825930493
Missouri,Alabama,418.5179017601612
Missouri,Arizona,38.17279049587516
Missouri,Arkansas,349.49655864553495
Missouri,Colorado,90.23290479669048
Missouri,Connecticut,0.33096055510684913
Missouri,Delaware,3.1414771018084404
Missouri,Florida,101.74000828623457
Missouri,Georgia,305.7415867861041
Missouri,Illinois,2165.5600729961247
Missouri,Indiana,2004.6757170995959
Missouri,Iowa,370.8674895847522
Missouri,Kansas,362.77387017646174
Missouri,Kentucky,945.7351107764172
Missouri,Louisiana,166.92281016635627
Missouri,Maryland,34.43091971165924
Missouri,Massachusetts,2.9654294818922065
Missouri,Michigan,277.49231475304026
Missouri,Minnesota,110.23138065689245
Missouri,Mississippi,68.01246298083191
Missouri,Missouri,2030.4070599651575
Missouri,Montana,24.945356220316828
Missouri,Nebraska,190.71770518031414
Missouri,Nevada,12.302352963213355
Missouri,New Hampshire,1.9529738318433267
Missouri,New Jersey,4.337340017755007
Missouri,New Mexico,31.852816981679528
Missouri,New York,24.876601880603484
Missouri,North Carolina,111.74334487871987
Missouri,North Dakota,172.85162613573542
Missouri,Ohio,629.2199806590645
Missouri,Oklahoma,359.71201877382316
Missouri,Oregon,7.3379567917417985
Missouri,Pennsylvania,218.71908776275072
Missouri,South Carolina,51.4308681507036
Missouri,South Dakota,23.02490712374171
Missouri,Tennessee,468.282407349874
Missouri,Texas,1339.4644069244748
Missouri,Utah,21.91913660041525
Missouri,Virginia,35.97488188190626
Missouri,Washington,7.704122086904386
Missouri,West Virginia,185.10314301893374
Missouri,Wisconsin,233.5600285492555
Missouri,Wyoming,100.48133440327395
Montana,Alabama,0.04101491009770789
Montana,Arizona,0.9337803894084047
Montana,Arkansas,0.04154131097066659
Montana,Colorado,1.4434569105916666
Montana,Connecticut,0.0001539581924597429
Montana,Delaware,0.0014997360423800012
Montana,Florida,0.00798694214215861
Montana,Georgia,0.03900352644225493
Montana,Illinois,0.25688436795629727
Montana,Indiana,0.2651644345737872
Montana,Iowa,0.41719810434790305
Montana,Kansas,0.24131840633110083
Montana,Kentucky,0.10450138819707264
Montana,Louisiana,0.02479926143474667
Montana,Maryland,0.018408991675647014
Montana,Massachusetts,0.002656887356066979
Montana,Michigan,0.16319295103729847
Montana,Minnesota,0.2721716003070007
Montana,Mississippi,0.005537478187479953
Montana,Missouri,0.27052053265915427
Montana,Montana,6.9300440493359865
Montana,Nebraska,0.9210718645745041
Montana,Nevada,2.642227228312488
Montana,New Hampshire,0.0015683935729952812
Montana,New Jersey,0.001793816564462716
Montana,New Mexico,0.8054061047343699
Montana,New York,0.016006354687688917
Montana,North Carolina,0.034665280427038606
Montana,North Dakota,5.044543458278889
Montana,Ohio,0.21607298952854967
Montana,Oklahoma,0.16698474718900203
Montana,Oregon,4.970027921119696
Montana,Pennsylvania,0.1363854090857823
Montana,South Carolina,0.010833614074659373
Montana,South Dakota,0.09531680126779127
Montana,Tennessee,0.047103802119223305
Montana,Texas,0.5265762861687527
Montana,Utah,3.7391800071119836
Montana,Virginia,0.013994072297493937
Montana,Washington,3.6970397017973484
Montana,West Virginia,0.08114641712425696
Montana,Wisconsin,0.22390689092174287
Montana,Wyoming,9.172922413556657
Nebraska,Alabama,15.096162356413018
Nebraska,Arizona,19.181044285885346
Nebraska,Arkansas,19.228278037431583
Nebraska,Colorado,64.40362864511982
Nebraska,Connecticut,0.026242126420351657
Nebraska,Delaware,0.19907107042548833
Nebraska,Florida,6.6377648020094515
Nebraska,Georgia,10.18088112069452
Nebraska,Illinois,54.84687725297198
Nebraska,Indiana,60.083392709107336
Nebraska,Iowa,168.5763466826612
Nebraska,Kansas,150.7650148560607
Nebraska,Kentucky,23.887987714403586
Nebraska,Louisiana,11.515098804239049
Nebraska,Maryland,1.8743948775499117
Nebraska,Massachusetts,0.18836487880195607
Nebraska,Michigan,18.43365016282399
Nebraska,Minnesota,22.17498494557445
Nebraska,Mississippi,4.055613785974078
Nebraska,Missouri,114.12712477747498
Nebraska,Montana,12.779423478956177
Nebraska,Nebraska,204.49625426124288
Nebraska,Nevada,7.264843122963999
Nebraska,New Hampshire,0.12289422302854507
Nebraska,New Jersey,0.26659329617028377
Nebraska,New Mexico,19.10526323486107
Nebraska,New York,1.6019419161559347
Nebraska,North Carolina,4.8789943062980905
Nebraska,North Dakota,68.76127505474179
Nebraska,Ohio,26.874892004212924
Nebraska,Oklahoma,83.83276834588622
Nebraska,Oregon,3.9164376322782317
Nebraska,Pennsylvania,11.539305197451851
Nebraska,South Carolina,2.328320465032647
Nebraska,South Dakota,7.865663100388199
Nebraska,Tennessee,11.621295122928126
Nebraska,Texas,209.66013686092185
Nebraska,Utah,14.591311294929156
Nebraska,Virginia,1.84602811234587
Nebraska,Washington,3.7030210100318244
Nebraska,West Virginia,8.434043111845615
Nebraska,Wisconsin,25.114972412573717
Nebraska,Wyoming,68.1849256954778
Nevada,Alabama,0.013821587367422825
Nevada,Arizona,11.972353118524271
Nevada,Arkansas,0.061874248202872954
Nevada,Colorado,1.219498261579797
Nevada,Connecticut,1.414244898967357e-07
Nevada,Delaware,3.791664322849721e-05
Nevada,Florida,0.010471029295823787
Nevada,Georgia,0.0019446413974982138
Nevada,Illinois,0.03479082890185048
Nevada,Indiana,0.02670462361427329
Nevada,Iowa,0.07579547005132624
Nevada,Kansas,0.0860199065312937
Nevada,Kentucky,0.01577285523173634
Nevada,Louisiana,0.051161453269482335
Nevada,Maryland,0.0004973881743034495
Nevada,Massachusetts,0.000273757187966438
Nevada,Michigan,0.010024838179911396
Nevada,Minnesota,0.0543261468555467
Nevada,Mississippi,0.012504785509828571
Nevada,Missouri,0.054431998490848114
Nevada,Montana,0.4040142534584798
Nevada,Nebraska,0.3009998938882912
Nevada,Nevada,49.91876265672815
Nevada,New Hampshire,3.7752217941333675e-05
Nevada,New Jersey,1.6591846544159822e-05
Nevada,New Mexico,4.784457925983193
Nevada,New York,0.0001825760798416713
Nevada,North Carolina,0.0004976424085046596
Nevada,North Dakota,1.072445359496286
Nevada,Ohio,0.006151905528209708
Nevada,Oklahoma,0.10464676722638439
Nevada,Oregon,1.958445504841368
Nevada,Pennsylvania,0.0027050126242868376
Nevada,South Carolina,0.00021231440272069985
Nevada,South Dakota,0.02143408987043246
Nevada,Tennessee,0.008112962035910528
Nevada,Texas,1.4453703017453066
Nevada,Utah,10.33381102030443
Nevada,Virginia,0.000233343010185294
Nevada,Washington,2.723619037310061
Nevada,West Virginia,0.0015646741165351006
Nevada,Wisconsin,0.022811878351604767
Nevada,Wyoming,3.849885459144058
New Hampshire,Alabama,38.45083407271782
New Hampshire,Arizona,0.9124492270283936
New Hampshire,Arkansas,8.59414697704097
New Hampshire,Colorado,2.9653686624526086
New Hampshire,Connecticut,2.8493111346220172
New Hampshire,Delaware,10.470446649457337
New Hampshire,Florida,16.129862612049116
New Hampshire,Georgia,55.07564763471748
New Hampshire,Illinois,58.662353016668675
New Hampshire,Indiana,141.01408393098822
New Hampshire,Iowa,17.830122926984306
New Hampshire,Kansas,10.18516218612904
New Hampshire,Kentucky,86.74951382855481
New Hampshire,Louisiana,5.88138319998862
New Hampshire,Maryland,78.79334602199113
New Hampshire,Massachusetts,56.73120858737962
New Hampshire,Michigan,94.25741541520105
New Hampshire,Minnesota,12.832099631418535
New Hampshire,Mississippi,4.40299727094369
New Hampshire,Missouri,37.67061321699279
New Hampshire,Montana,1.442565955636076
New Hampshire,Nebraska,7.67833766124516
New Hampshire,Nevada,0.34084494882069827
New Hampshire,New Hampshire,49.51105059959117
New Hampshire,New Jersey,19.880268003972827
New Hampshire,New Mexico,0.79240345489482
New Hampshire,New York,54.669273063394364
New Hampshire,North Carolina,65.80750925221417
New Hampshire,North Dakota,13.285691952461368
New Hampshire,Ohio,274.7494812369659
New Hampshire,Oklahoma,8.553928810060198
New Hampshire,Oregon,0.3560227528674473
New Hampshire,Pennsylvania,321.04318093753795
New Hampshire,South Carolina,22.54322457522035
New Hampshire,South Dakota,1.7785354030171352
New Hampshire,Tennessee,39.69136753565884
New Hampshire,Texas,31.667348232168298
New Hampshire,Utah,0.6110061569194847
New Hampshire,Virginia,41.486057203528915
New Hampshire,Washington,0.4385309307418953
New Hampshire,West Virginia,119.53341293167405
New Hampshire,Wisconsin,29.562191399708297
New Hampshire,Wyoming,3.9131556104551106
New Jersey,Alabama,466.04244315690295
New Jersey,Arizona,7.874986646057387
New Jersey,Arkansas,82.93630508713596
New Jersey,Colorado,25.806901266989623
New Jersey,Connecticut,52.41301992249599
New Jersey,Delaware,163.50491526914948
New Jersey,Florida,209.06148340807044
New Jersey,Georgia,686.8410614693734
New Jersey,Illinois,502.024193280923
New Jersey,Indiana,1243.4812046099069
New Jersey,Iowa,143.4082103650374
New Jersey,Kansas,82.01255902337088
New Jersey,Kentucky,850.4250515284107
New Jersey,Louisiana,65.52507728088412
New Jersey,Maryland,1041.6911847533615
New Jersey,Massachusetts,230.31383033861908
New Jersey,Michigan,750.5295030969716
New Jersey,Minnesota,94.44070376852507
New Jersey,Mississippi,53.06523456285101
New Jersey,Missouri,318.963175322515
New Jersey,Montana,10.97994115712782
New Jersey,Nebraska,60.56223693623721
New Jersey,Nevada,2.9319318501007468
New Jersey,New Hampshire,109.0965683714636
New Jersey,New Jersey,330.06559379399977
New Jersey,New Mexico,6.933432350934447
New Jersey,New York,488.2681882765264
New Jersey,North Carolina,871.6929632597675
New Jersey,North Dakota,100.00768396595386
New Jersey,Ohio,2618.886296677708
New Jersey,Oklahoma,72.17559693080692
New Jersey,Oregon,2.6723979929514337
New Jersey,Pennsylvania,3364.211518225594
New Jersey,South Carolina,298.5400590576081
New Jersey,South Dakota,13.627354472634414
New Jersey,Tennessee,436.99858552119537
New Jersey,Texas,294.05950553136506
New Jersey,Utah,5.050601988402964
New Jersey,Virginia,571.6563170979279
New Jersey,Washington,3.4651998113487914
New Jersey,West Virginia,1267.5374810443393
New Jersey,Wisconsin,232.86948610571096
New Jersey,Wyoming,31.754266897253085
New Mexico,Alabama,2.138473566059377
New Mexico,Arizona,66.55013899594668
New Mexico,Arkansas,1.348828690073103
New Mexico,Colorado,15.945744116221952
New Mexico,Connecticut,0.00028475674029681375
New Mexico,Delaware,0.009887490838137156
New Mexico,Florida,1.3992360894848472
New Mexico,Georgia,1.0909058371873903
New Mexico,Illinois,1.867739023805322
New Mexico,Indiana,1.9728936832997657
New Mexico,Iowa,1.6810655839206188
New Mexico,Kansas,2.4171647188060827
New Mexico,Kentucky,0.9829003611243895
New Mexico,Louisiana,1.9945648718244244
New Mexico,Maryland,0.05755323319562432
New Mexico,Massachusetts,0.006884277407935759
New Mexico,Michigan,0.4944247414125934
New Mexico,Minnesota,0.4350951001733333
New Mexico,Mississippi,0.7685783796695033
New Mexico,Missouri,3.0162929426468734
New Mexico,Montana,1.1057440829448861
New Mexico,Nebraska,3.7092875844895667
New Mexico,Nevada,9.05032171602237
New Mexico,New Hampshire,0.005232545112592933
New Mexico,New Jersey,0.011673432589747604
New Mexico,New Mexico,73.90980838875993
New Mexico,New York,0.027398377430054476
New Mexico,North Carolina,0.23256328056413014
New Mexico,North Dakota,3.0062321004072627
New Mexico,Ohio,0.8238484329533717
New Mexico,Oklahoma,3.1331472838406014
New Mexico,Oregon,0.8191387043303402
New Mexico,Pennsylvania,0.2443357521854556
New Mexico,South Carolina,0.32763036303481635
New Mexico,South Dakota,0.1699504508723558
New Mexico,Tennessee,0.8379603595438363
New Mexico,Texas,57.27401794737108
New Mexico,Utah,11.308483175303794
New Mexico,Virginia,0.08335833399026446
New Mexico,Washington,0.605981440091688
New Mexico,West Virginia,0.25001601096616394
New Mexico,Wisconsin,0.5599362393521433
New Mexico,Wyoming,12.542406558234825
New York,Alabama,834.1152368536067
New York,Arizona,17.439151333384956
New York,Arkansas,166.86611243974332
New York,Colorado,57.03799958471926
New York,Connecticut,72.46088320616983
New York,Delaware,224.84317515309453
New York,Florida,335.94770492656306
New York,Georgia,1169.20811439546
New York,Illinois,1108.8052996116296
New York,Indiana,2713.342899416145
New York,Iowa,323.42327623098623
New York,Kansas,182.7325567748801
New York,Kentucky,1758.725368002219
New York,Louisiana,122.67509636888269
New York,Maryland,1689.5587975300439
New York,Massachusetts,615.6121865438074
New York,Michigan,1807.1942382984944
New York,Minnesota,221.04396467425798
New York,Mississippi,93.68595984175096
New York,Missouri,694.4350153824818
New York,Montana,25.481274576003475
New York,Nebraska,136.57119622711178
New York,Nevada,6.644119047458123
New York,New Hampshire,352.83877065552684
New York,New Jersey,446.49326837353505
New York,New Mexico,15.238325243129628
New York,New York,1508.588286906604
New York,North Carolina,1416.196495095534
New York,North Dakota,233.75207087468556
New York,Ohio,5773.624926660808
New York,Oklahoma,157.62737696724994
New York,Oregon,6.178334279138862
New York,Pennsylvania,7223.606698055178
New York,South Carolina,465.5271575550391
New York,South Dakota,31.767047607984075
New York,Tennessee,838.548129077231
New York,Texas,606.9161449188169
New York,Utah,11.486423553351859
New York,Virginia,885.6556126825042
New York,Washington,7.904398845249315
New York,West Virginia,2634.223077386915
New York,Wisconsin,537.5186274910521
New York,Wyoming,72.18049394510335
North Carolina,Alabama,1253.1548176032031
North Carolina,Arizona,11.99199585045999
North Carolina,Arkansas,142.70960629554233
North Carolina,Colorado,33.14094196282663
North Carolina,Connecticut,4.483740199073536
North Carolina,Delaware,70.85592760073244
North Carolina,Florida,579.7916530458118
North Carolina,Georgia,2229.758566817832
North Carolina,Illinois,624.3787523516685
North Carolina,Indiana,1761.500030751014
North Carolina,Iowa,150.09234839154746
North Carolina,Kansas,99.81345530726874
North Carolina,Kentucky,1414.4004421622972
North Carolina,Louisiana,147.71914794558728
North Carolina,Maryland,741.3886541059679
North Carolina,Massachusetts,34.92874328556636
North Carolina,Michigan,594.0757711924964
North Carolina,Minnesota,74.76114768640021
North Carolina,Mississippi,147.48889759821432
North Carolina,Missouri,429.50022245954494
North Carolina,Montana,11.216377701434814
North Carolina,Nebraska,69.125287373943
North Carolina,Nevada,3.3230970411902807
North Carolina,New Hampshire,21.44478980405178
North Carolina,New Jersey,64.09378059057535
North Carolina,New Mexico,9.457250711573232
North Carolina,New York,150.8877878002915
North Carolina,North Carolina,4714.162533545618
North Carolina,North Dakota,89.19548123239369
North Carolina,Ohio,3079.1712819077725
North Carolina,Oklahoma,103.53170756491664
North Carolina,Oregon,2.9346596083344156
North Carolina,Pennsylvania,2004.9289896799928
North Carolina,South Carolina,1201.443347109265
North Carolina,South Dakota,12.465121770382034
North Carolina,Tennessee,996.6192788514605
North Carolina,Texas,516.1735712393827
North Carolina,Utah,6.364275115339923
North Carolina,Virginia,1065.3646994080166
North Carolina,Washington,3.059438552240677
North Carolina,West Virginia,1579.5157972758736
North Carolina,Wisconsin,195.0414727579829
North Carolina,Wyoming,38.0109511468005
North Dakota,Alabama,1.2377543345556192
North Dakota,Arizona,1.6844469511343023
North Dakota,Arkansas,1.2702297676300742
North Dakota,Colorado,7.021789658556381
North Dakota,Connecticut,0.005869978153940082
North Dakota,Delaware,0.024633399552501073
North Dakota,Florida,0.3542755745535167
North Dakota,Georgia,0.9371782921673374
North Dakota,Illinois,5.535452828297363
North Dakota,Indiana,6.060757864521193
North Dakota,Iowa,11.619065486379542
North Dakota,Kansas,6.953745523197789
North Dakota,Kentucky,2.446207052949478
North Dakota,Louisiana,0.700805059304942
North Dakota,Maryland,0.2694616177177961
North Dakota,Massachusetts,0.038457330799159126
North Dakota,Michigan,3.243991362337102
North Dakota,Minnesota,9.797358194645218
North Dakota,Mississippi,0.27998238699708283
North Dakota,Missouri,7.470044120512427
North Dakota,Montana,5.789058230391004
North Dakota,Nebraska,12.957892371550283
North Dakota,Nevada,1.3299799583694134
North Dakota,New Hampshire,0.02269483194912478
North Dakota,New Jersey,0.03766107064920198
North Dakota,New Mexico,1.6588177822365695
North Dakota,New York,0.2880711811136084
North Dakota,North Carolina,0.4661390483564619
North Dakota,North Dakota,86.75717584708283
North Dakota,Ohio,4.331408023363753
North Dakota,Oklahoma,4.799014569863323
North Dakota,Oregon,1.568658217857319
North Dakota,Pennsylvania,2.0687494229028855
North Dakota,South Carolina,0.16370123158411357
North Dakota,South Dakota,4.771611200102775
North Dakota,Tennessee,1.114035137961953
North Dakota,Texas,13.568287715432325
North Dakota,Utah,2.312967492915578
North Dakota,Virginia,0.21330844086119313
North Dakota,Washington,1.5134236012996727
North Dakota,West Virginia,1.439726371788685
North Dakota,Wisconsin,4.380836302330304
North Dakota,Wyoming,13.3258673507981
Ohio,Alabama,985.8408720100045
Ohio,Arizona,23.595835385483902
Ohio,Arkansas,245.07865031549076
Ohio,Colorado,70.25256313219614
Ohio,Connecticut,3.8745638191858225
Ohio,Delaware,33.054145300600965
Ohio,Florida,237.42278603201478
Ohio,Georgia,1092.878541072009
Ohio,Illinois,1570.6923233248733
Ohio,Indiana,4656.918625002634
Ohio,Iowa,393.5301842378224
Ohio,Kansas,222.17282906554644
Ohio,Kentucky,3358.393105707791
Ohio,Louisiana,165.15154397708542
Ohio,Maryland,466.55600977498153
Ohio,Massachusetts,28.92724296110996
Ohio,Michigan,2665.4736920657447
Ohio,Minnesota,209.81571973424425
Ohio,Mississippi,110.9439306990821
Ohio,Missouri,962.0089381529679
Ohio,Montana,28.02737857302492
Ohio,Nebraska,165.60654059147518
Ohio,Nevada,7.937344137705724
Ohio,New Hampshire,20.79205009035413
Ohio,New Jersey,46.36271499429176
Ohio,New Mexico,20.600017444450543
Ohio,New York,503.7692839887083
Ohio,North Carolina,822.5433678084905
Ohio,North Dakota,235.25885224520556
Ohio,Ohio,15293.204156225507
Ohio,Oklahoma,211.15040544508966
Ohio,Oregon,7.527424145636077
Ohio,Pennsylvania,9021.492918826829
Ohio,South Carolina,245.12656877379987
Ohio,South Dakota,34.80811464072256
Ohio,Tennessee,1208.3310225223806
Ohio,Texas,858.7157098582476
Ohio,Utah,15.53903502924607
Ohio,Virginia,386.8181706048051
Ohio,Washington,8.25276352742941
Ohio,West Virginia,5079.073791872536
Ohio,Wisconsin,581.3351521170267
Ohio,Wyoming,87.50105104355127
Oklahoma,Alabama,134.75083563768874
Oklahoma,Arizona,53.83960004244528
Oklahoma,Arkansas,200.65642311259964
Oklahoma,Colorado,95.21340725181192
Oklahoma,Connecticut,0.12302893224606694
Oklahoma,Delaware,1.1855487426174616
Oklahoma,Florida,60.49693556766124
Oklahoma,Georgia,95.17964327043515
Oklahoma,Illinois,200.81569872554405
Oklahoma,Indiana,259.0643591983272
Oklahoma,Iowa,113.76207728142684
Oklahoma,Kansas,232.9662945701534
Oklahoma,Kentucky,124.47049872128044
Oklahoma,Louisiana,110.47392148864908
Oklahoma,Maryland,10.39395192052601
Oklahoma,Massachusetts,0.8903988614410538
Oklahoma,Michigan,50.01030545502022
Oklahoma,Minnesota,33.32248773270458
Oklahoma,Mississippi,36.6437366899514
Oklahoma,Missouri,337.99960027142936
Oklahoma,Montana,17.228100604721
Oklahoma,Nebraska,117.39275500273347
Oklahoma,Nevada,14.531193727537257
Oklahoma,New Hampshire,0.5692213960535002
Oklahoma,New Jersey,1.4634927215195337
Oklahoma,New Mexico,42.265922091259625
Oklahoma,New York,5.708903455691044
Oklahoma,North Carolina,39.08493421795756
Oklahoma,North Dakota,87.81350448625895
Oklahoma,Ohio,114.56091366868324
Oklahoma,Oklahoma,843.4140902306629
Oklahoma,Oregon,5.1820113668930805
Oklahoma,Pennsylvania,48.06451935848762
Oklahoma,South Carolina,21.11674060087378
Oklahoma,South Dakota,9.484095663204746
Oklahoma,Tennessee,80.9133014205585
Oklahoma,Texas,1773.6485323190118
Oklahoma,Utah,23.320162692497743
Oklahoma,Virginia,11.687112720906375
Oklahoma,Washington,5.203600115033105
Oklahoma,West Virginia,36.566391796458824
Oklahoma,Wisconsin,47.596820699689005
Oklahoma,Wyoming,88.17301203217843
Oregon,Alabama,0.000102782502007015
Oregon,Arizona,0.3963064148279976
Oregon,Arkansas,0.002112613210519229
Oregon,Colorado,0.14064500434902796
Oregon,Connecticut,8.594738427625259e-07
Oregon,Delaware,1.35045868676631e-05
Oregon,Florida,1.0271309260678761e-05
Oregon,Georgia,0.0005645139092384108
Oregon,Illinois,0.014767540752412774
Oregon,Indiana,0.004626099828638
Oregon,Iowa,0.03998780435172825
Oregon,Kansas,0.014191638697279076
Oregon,Kentucky,0.001167881248511165
Oregon,Louisiana,0.002640469844368569
Oregon,Maryland,0.00016645385743618848
Oregon,Massachusetts,6.134168210358834e-05
Oregon,Michigan,0.005082797570935662
Oregon,Minnesota,0.07980396945557208
Oregon,Mississippi,5.946740803564051e-06
Oregon,Missouri,0.01875067182637195
Oregon,Montana,0.23196109271170404
Oregon,Nebraska,0.09745651532604424
Oregon,Nevada,2.9218843304545157
Oregon,New Hampshire,8.096024580006578e-05
Oregon,New Jersey,1.166605155278333e-05
Oregon,New Mexico,0.1712958445139902
Oregon,New York,0.0009720353833333068
Oregon,North Carolina,0.0008389937485261333
Oregon,North Dakota,0.7135244507420037
Oregon,Ohio,0.009774991400553256
Oregon,Oklahoma,0.010339226549452197
Oregon,Oregon,17.781920869202644
Oregon,Pennsylvania,0.01079022415714086
Oregon,South Carolina,0.0002150678098098436
Oregon,South Dakota,0.012300042066311849
Oregon,Tennessee,0.0010820069799659937
Oregon,Texas,0.07319071783567023
Oregon,Utah,0.9047140094616993
Oregon,Virginia,0.00013274748244329618
Oregon,Washington,44.70176808179252
Oregon,West Virginia,0.0034862274206307587
Oregon,Wisconsin,0.018913083312170714
Oregon,Wyoming,0.8120923559704558
Pennsylvania,Alabama,1054.37187782379
Pennsylvania,Arizona,19.6024065616216
Pennsylvania,Arkansas,204.95876111225255
Pennsylvania,Colorado,62.606284818410735
Pennsylvania,Connecticut,54.672666147817175
Pennsylvania,Delaware,328.62585985463943
Pennsylvania,Florida,374.2937719514296
Pennsylvania,Georgia,1459.0291893324568
Pennsylvania,Illinois,1265.1644565754095
Pennsylvania,Indiana,3257.685066664038
Pennsylvania,Iowa,351.75175310426044
Pennsylvania,Kansas,200.39381100676476
Pennsylvania,Kentucky,2277.6136219585037
Pennsylvania,Louisiana,150.29834823234526
Pennsylvania,Maryland,2569.8141768525493
Pennsylvania,Massachusetts,196.85017461319399
Pennsylvania,Michigan,2000.01087341488
Pennsylvania,Minnesota,218.76310897046267
Pennsylvania,Mississippi,116.37939828828554
Pennsylvania,Missouri,792.2191022472082
Pennsylvania,Montana,26.357183894174657
Pennsylvania,Nebraska,148.33954703296502
Pennsylvania,Nevada,6.718912500306672
Pennsylvania,New Hampshire,114.97707737274101
Pennsylvania,New Jersey,791.0780118681195
Pennsylvania,New Mexico,16.9326511202283
Pennsylvania,New York,1130.0130222054522
Pennsylvania,North Carolina,1829.5111302932607
Pennsylvania,North Dakota,236.2893829114375
Pennsylvania,Ohio,8300.3052648149
Pennsylvania,Oklahoma,178.34345890911646
Pennsylvania,Oregon,6.678924455173464
Pennsylvania,Pennsylvania,14164.072863415264
Pennsylvania,South Carolina,539.3531561331497
Pennsylvania,South Dakota,33.37818025207176
Pennsylvania,Tennessee,1086.29224305145
Pennsylvania,Texas,718.7313695866848
Pennsylvania,Utah,12.70146235636679
Pennsylvania,Virginia,1185.1207268793244
Pennsylvania,Washington,8.089895232970909
Pennsylvania,West Virginia,4289.647246482429
Pennsylvania,Wisconsin,555.0186198324401
Pennsylvania,Wyoming,77.77678546055816
Rhode Island,Alabama,45.04804123649521
Rhode Island,Arizona,0.8926248058584153
Rhode Island,Arkansas,8.682748014229645
Rhode Island,Colorado,2.8225848212560516
Rhode Island,Connecticut,2.6915579047605482
Rhode Island,Delaware,11.976454356074738
Rhode Island,Florida,21.0083293941271
Rhode Island,Georgia,65.88209030173905
Rhode Island,Illinois,55.12205934903863
Rhode Island,Indiana,134.5870436369456
Rhode Island,Iowa,16.221215368622314
Rhode Island,Kansas,9.46842177082969
Rhode Island,Kentucky,88.5086108375489
Rhode Island,Louisiana,6.475266337784584
Rhode Island,Maryland,86.43822227270154
Rhode Island,Massachusetts,52.514546110086414
Rhode Island,Michigan,84.43262620088848
Rhode Island,Minnesota,11.255090635363562
Rhode Island,Mississippi,5.322964667318753
Rhode Island,Missouri,35.22882812714064
Rhode Island,Montana,1.289999762219091
Rhode Island,Nebraska,6.934393445038928
Rhode Island,Nevada,0.3180529942318418
Rhode Island,New Hampshire,30.354413762254538
Rhode Island,New Jersey,20.794346271621887
Rhode Island,New Mexico,0.7764825016129673
Rhode Island,New York,47.30271238278813
Rhode Island,North Carolina,81.88136805672724
Rhode Island,North Dakota,12.179832354804597
Rhode Island,Ohio,272.3566780676658
Rhode Island,Oklahoma,8.029194999958522
Rhode Island,Oregon,0.3104098285679733
Rhode Island,Pennsylvania,308.4634000540281
Rhode Island,South Carolina,28.882556637800544
Rhode Island,South Dakota,1.615722098099278
Rhode Island,Tennessee,44.13687658842898
Rhode Island,Texas,31.025781949339425
Rhode Island,Utah,0.5693396714441603
Rhode Island,Virginia,48.69672512816075
Rhode Island,Washington,0.4396560759679769
Rhode Island,West Virginia,127.05411213897868
Rhode Island,Wisconsin,26.42870620721744
Rhode Island,Wyoming,3.633943075755582
South Carolina,Alabama,691.511495911692
South Carolina,Arizona,5.739175322565984
South Carolina,Arkansas,66.63149670403321
South Carolina,Colorado,15.273474235702428
South Carolina,Connecticut,1.5245409697529166
South Carolina,Delaware,20.872060054362414
South Carolina,Florida,389.78118195431176
South Carolina,Georgia,1352.1782872833342
South Carolina,Illinois,264.30435810621026
South Carolina,Indiana,733.0551116992879
South Carolina,Iowa,63.09122431568622
South Carolina,Kansas,42.81884479109974
South Carolina,Kentucky,586.8950848677514
South Carolina,Louisiana,81.43280016783959
South Carolina,Maryland,205.63277336825217
South Carolina,Massachusetts,11.962936407297871
South Carolina,Michigan,214.46832196689388
South Carolina,Minnesota,29.319114447101537
South Carolina,Mississippi,89.38185927383996
South Carolina,Missouri,187.16910024597607
South Carolina,Montana,4.728158013222096
South Carolina,Nebraska,30.024853137701434
South Carolina,Nevada,1.503852340746306
South Carolina,New Hampshire,7.547920064347656
South Carolina,New Jersey,20.940316664957106
South Carolina,New Mexico,4.591961902829845
South Carolina,New York,49.96087451553843
South Carolina,North Carolina,1783.5469771334076
South Carolina,North Dakota,37.76606621520977
South Carolina,Ohio,1073.1055656003714
South Carolina,Oklahoma,47.86349283353083
South Carolina,Oregon,1.267867201973436
South Carolina,Pennsylvania,599.0604167804415
South Carolina,South Carolina,1033.5563297810154
South Carolina,South Dakota,4.947679986899365
South Carolina,Tennessee,455.49325275098187
South Carolina,Texas,254.67559160361526
South Carolina,Utah,2.9343057778595414
South Carolina,Virginia,265.01614183492734
South Carolina,Washington,1.2903038945157475
South Carolina,West Virginia,508.42733382830875
South Carolina,Wisconsin,78.33569382414767
South Carolina,Wyoming,16.615681171979563
South Dakota,Alabama,3.5428670907156254
South Dakota,Arizona,5.535690182770363
South Dakota,Arkansas,4.226133560393046
South Dakota,Colorado,22.097459803646842
South Dakota,Connecticut,0.010423337247597078
South Dakota,Delaware,0.04715847424536756
South Dakota,Florida,1.3767462722652937
South Dakota,Georgia,2.51893188428822
South Dakota,Illinois,15.680712573117344
South Dakota,Indiana,16.127864477159637
South Dakota,Iowa,54.008620687313325
South Dakota,Kansas,24.806263888911655
South Dakota,Kentucky,6.0099986683066335
South Dakota,Louisiana,2.5541998859382353
South Dakota,Maryland,0.4651362334418857
South Dakota,Massachusetts,0.06739974739749285
South Dakota,Michigan,6.2362492387260104
South Dakota,Minnesota,12.084913360705874
South Dakota,Mississippi,0.9639873977100448
South Dakota,Missouri,23.93623483309897
South Dakota,Montana,8.890251296441713
South Dakota,Nebraska,42.8997540615814
South Dakota,Nevada,3.207252545633098
South Dakota,New Hampshire,0.03895760531008407
South Dakota,New Jersey,0.06553636328308109
South Dakota,New Mexico,5.623747868016686
South Dakota,New York,0.47659377852210527
South Dakota,North Carolina,1.0723632066432056
South Dakota,North Dakota,47.0996795969837
South Dakota,Ohio,7.995094465093949
South Dakota,Oklahoma,17.007450078007246
South Dakota,Oregon,2.397223157332376
South Dakota,Pennsylvania,3.4634030042975783
South Dakota,South Carolina,0.46710946444791573
South Dakota,South Dakota,8.786581622528418
South Dakota,Tennessee,2.919153327896521
South Dakota,Texas,47.35339098233107
South Dakota,Utah,6.219545609390016
South Dakota,Virginia,0.414633186993202
South Dakota,Washington,2.183255472993167
South Dakota,West Virginia,2.567435777478995
South Dakota,Wisconsin,9.89182021874302
South Dakota,Wyoming,37.71720220963252
Tennessee,Alabama,1803.2330026505092
Tennessee,Arizona,17.14445950796093
Tennessee,Arkansas,217.24157224612682
Tennessee,Colorado,42.067955788759534
Tennessee,Connecticut,1.1585249204845856
Tennessee,Delaware,16.558213176512638
Tennessee,Florida,330.5327865996249
Tennessee,Georgia,1985.9601473960527
Tennessee,Illinois,854.4879718024434
Tennessee,Indiana,2471.5468785003172
Tennessee,Iowa,172.48452155468945
Tennessee,Kansas,123.59947361445549
Tennessee,Kentucky,2129.284487201828
Tennessee,Louisiana,195.40846161316148
Tennessee,Maryland,196.45453748181797
Tennessee,Massachusetts,10.008677077748256
Tennessee,Michigan,418.0095689988471
Tennessee,Minnesota,72.78706183013759
Tennessee,Mississippi,167.71343996343262
Tennessee,Missouri,609.3536200875672
Tennessee,Montana,12.503098137843836
Tennessee,Nebraska,80.42965230937293
Tennessee,Nevada,4.969091876159477
Tennessee,New Hampshire,6.311095388702095
Tennessee,New Jersey,16.855503566836568
Tennessee,New Mexico,14.24448872622578
Tennessee,New York,62.4152068547239
Tennessee,North Carolina,1191.6632040315346
Tennessee,North Dakota,93.64448843371038
Tennessee,Ohio,1965.5924526885158
Tennessee,Oklahoma,134.761042820102
Tennessee,Oregon,3.3500199826611383
Tennessee,Pennsylvania,711.0305200200654
Tennessee,South Carolina,335.87850406031146
Tennessee,South Dakota,12.895781606539705
Tennessee,Tennessee,2460.111942621015
Tennessee,Texas,713.2132240788142
Tennessee,Utah,9.049474789859028
Tennessee,Virginia,312.9576706743126
Tennessee,Washington,3.6575441303458542
Tennessee,West Virginia,765.3481829789237
Tennessee,Wisconsin,191.19234872987187
Tennessee,Wyoming,46.784266372437315
Texas,Alabama,777.9416412775049
Texas,Arizona,183.91517871976663
Texas,Arkansas,512.078201501589
Texas,Colorado,238.30724380011299
Texas,Connecticut,0.5106364161147048
Texas,Delaware,5.57326606170938
Texas,Florida,428.7076090770754
Texas,Georgia,528.2268185418554
Texas,Illinois,636.7484567679609
Texas,Indiana,909.6339854427757
Texas,Iowa,271.8741609947257
Texas,Kansas,384.3766319690723
Texas,Kentucky,510.2787725491711
Texas,Louisiana,1099.4944575564468
Texas,Maryland,47.100009010349694
Texas,Massachusetts,4.884270798640416
Texas,Michigan,142.26152819762422
Texas,Minnesota,86.52905445407724
Texas,Mississippi,265.62291417558095
Texas,Missouri,784.6493787399166
Texas,Montana,39.648730286686714
Texas,Nebraska,266.94191347717396
Texas,Nevada,45.995431752299005
Texas,New Hampshire,3.0963542001954063
Texas,New Jersey,6.710326039913527
Texas,New Mexico,128.63380678091295
Texas,New York,19.486329702017425
Texas,North Carolina,189.2009087843121
Texas,North Dakota,193.23627424499992
Texas,Ohio,403.76947817513917
Texas,Oklahoma,885.8009420899637
Texas,Oregon,12.37183162538261
Texas,Pennsylvania,163.10363751388192
Texas,South Carolina,134.7490943633284
Texas,South Dakota,22.75373740961318
Texas,Tennessee,389.42131143168433
Texas,Texas,12519.296082900153
Texas,Utah,67.73655182828729
Texas,Virginia,57.14659153299133
Texas,Washington,12.385840200679215
Texas,West Virginia,132.46834561373564
Texas,Wisconsin,128.83099684508844
Texas,Wyoming,213.92111502439562
Utah,Alabama,0.08221738118404712
Utah,Arizona,10.41040310876532
Utah,Arkansas,0.0722731184373889
Utah,Colorado,3.12396469014479
Utah,Connecticut,1.252298366982707e-05
Utah,Delaware,0.0008498357140456508
Utah,Florida,0.00597541838390105
Utah,Georgia,0.042135031598017125
Utah,Illinois,0.13541955814428855
Utah,Indiana,0.107616529675013
Utah,Iowa,0.14837859067239936
Utah,Kansas,0.14555058103953608
Utah,Kentucky,0.06980388784062165
Utah,Louisiana,0.015197703163652036
Utah,Maryland,0.006112363089722567
Utah,Massachusetts,0.00011672168146081856
Utah,Michigan,0.0731598476563839
Utah,Minnesota,0.07563396436505715
Utah,Mississippi,0.004907692197286807
Utah,Missouri,0.24836514542256571
Utah,Montana,0.7197991647285086
Utah,Nebraska,0.3720048166122471
Utah,Nevada,19.88295082478738
Utah,New Hampshire,4.2430177514818354e-05
Utah,New Jersey,0.0007557355767538635
Utah,New Mexico,8.468245978418738
Utah,New York,0.0005182229420470154
Utah,North Carolina,0.007820711156217255
Utah,North Dakota,1.215933069636237
Utah,Ohio,0.1448127619094984
Utah,Oklahoma,0.12092377220378915
Utah,Oregon,2.722345102808603
Utah,Pennsylvania,0.015315930205778693
Utah,South Carolina,0.007731475278111281
Utah,South Dakota,0.0257198802349046
Utah,Tennessee,0.05163570181628794
Utah,Texas,0.6497124950952067
Utah,Utah,98.53924259682823
Utah,Virginia,0.002715774273970248
Utah,Washington,2.0515583466929086
Utah,West Virginia,0.029973506951199682
Utah,Wisconsin,0.05197143365208121
Utah,Wyoming,21.913843164986346
Vermont,Alabama,18.76716638063712
Vermont,Arizona,0.5007984307587411
Vermont,Arkansas,4.528094415255237
Vermont,Colorado,1.6560949402823768
Vermont,Connecticut,1.4945025280436082
Vermont,Delaware,4.770180822232748
Vermont,Florida,7.075624954670083
Vermont,Georgia,25.835892162171557
Vermont,Illinois,32.26923847410207
Vermont,Indiana,76.85986125314884
Vermont,Iowa,9.998751442352713
Vermont,Kansas,5.68019412477226
Vermont,Kentucky,45.61001907012439
Vermont,Louisiana,2.9152194867720342
Vermont,Maryland,38.435048210993116
Vermont,Massachusetts,28.348100654898598
Vermont,Michigan,53.69330026607402
Vermont,Minnesota,7.34223682515454
Vermont,Mississippi,2.123725323282459
Vermont,Missouri,20.36614055560848
Vermont,Montana,0.8063076057158372
Vermont,Nebraska,4.300136344368733
Vermont,Nevada,0.19438544639028743
Vermont,New Hampshire,44.46578551426813
Vermont,New Jersey,9.948056467653323
Vermont,New Mexico,0.4350840459362029
Vermont,New York,32.54624947102907
Vermont,North Carolina,30.41955651512637
Vermont,North Dakota,7.465338868866111
Vermont,Ohio,147.74679783098048
Vermont,Oklahoma,4.685761121910425
Vermont,Oregon,0.1992043405099216
Vermont,Pennsylvania,175.43202549215036
Vermont,South Carolina,9.974413212615579
Vermont,South Dakota,1.0110114303916744
Vermont,Tennessee,20.14807591356194
Vermont,Texas,16.882187917211493
Vermont,Utah,0.3323782512397807
Vermont,Virginia,18.68192393444083
Vermont,Washington,0.2482983044414471
Vermont,West Virginia,62.60766384855089
Vermont,Wisconsin,16.730406870083424
Vermont,Wyoming,2.174063780177197
Virginia,Alabama,703.5984024731559
Virginia,Arizona,8.154074860321822
Virginia,Arkansas,101.23475984018613
Virginia,Colorado,24.631788652866337
Virginia,Connecticut,5.959302874816124
Virginia,Delaware,226.01917186805144
Virginia,Florida,288.1766289453073
Virginia,Georgia,1120.8506647195122
Virginia,Illinois,506.6883926486578
Virginia,Indiana,1399.2433087745799
Virginia,Iowa,129.21262291223118
Virginia,Kansas,79.22925232120325
Virginia,Kentucky,1079.161646786031
Virginia,Louisiana,86.0368161645335
Virginia,Maryland,1843.0772113476464
Virginia,Massachusetts,42.2990538315381
Virginia,Michigan,603.1957743394895
Virginia,Minnesota,69.57675134822247
Virginia,Mississippi,78.60540684793796
Virginia,Missouri,336.3162875248794
Virginia,Montana,9.425637101783222
Virginia,Nebraska,57.3260910118244
Virginia,Nevada,2.452306007896238
Virginia,New Hampshire,26.133233438800737
Virginia,New Jersey,120.7475715760498
Virginia,New Mexico,6.655260215119361
Virginia,New York,199.5827883381394
Virginia,North Carolina,1892.2308139318357
Virginia,North Dakota,78.96025992757711
Virginia,Ohio,2906.055476002645
Virginia,Oklahoma,76.90968016708855
Virginia,Oregon,2.384942024625719
Virginia,Pennsylvania,2825.6393386038494
Virginia,South Carolina,496.33451898821596
Virginia,South Dakota,11.361581546270868
Virginia,Tennessee,637.0117756219528
Virginia,Texas,344.60344790169717
Virginia,Utah,4.853832645415791
Virginia,Virginia,1365.1788104787092
Virginia,Washington,2.5254579366530576
Virginia,West Virginia,1575.2323010342027
Virginia,Wisconsin,180.29119373766966
Virginia,Wyoming,29.90466390458341
Washington,Alabama,0.017709990325506776
Washington,Arizona,0.5788942802266627
Washington,Arkansas,0.016941007523306517
Washington,Colorado,0.3620792164888411
Washington,Connecticut,5.858227843646978e-05
Washington,Delaware,0.0002903363594229566
Washington,Florida,0.002125808490581223
Washington,Georgia,0.006163436325027145
Washington,Illinois,0.06868334530862982
Washington,Indiana,0.06448795280100934
Washington,Iowa,0.12212060896344043
Washington,Kansas,0.060056298610425565
Washington,Kentucky,0.029082458985497328
Washington,Louisiana,0.022879003237581484
Washington,Maryland,0.002590392347368525
Washington,Massachusetts,0.002158181843656698
Washington,Michigan,0.02814705990091705
Washington,Minnesota,0.15279632765551532
Washington,Mississippi,0.002719214658297313
Washington,Missouri,0.07841871661453101
Washington,Montana,0.6671316164295485
Washington,Nebraska,0.3428254701655255
Washington,Nevada,5.235933087470125
Washington,New Hampshire,0.0019589046380518575
Washington,New Jersey,0.0005567475291358598
Washington,New Mexico,0.27107175106850045
Washington,New York,0.00428603932070384
Washington,North Carolina,0.0021080434044210817
Washington,North Dakota,1.8165748937827841
Washington,Ohio,0.03112114512025647
Washington,Oklahoma,0.040875608863661025
Washington,Oregon,66.97791551307633
Washington,Pennsylvania,0.022964991366916168
Washington,South Carolina,0.0014228197638536878
Washington,South Dakota,0.028633571260431062
Washington,Tennessee,0.008895291621895994
Washington,Texas,0.160023573650033
Washington,Utah,2.7063380671421617
Washington,Virginia,0.0011218944683091157
Washington,Washington,319.21267434549554
Washington,West Virginia,0.012658045368400775
Washington,Wisconsin,0.0538043070888542
Washington,Wyoming,2.1476412690492355
West Virginia,Alabama,264.2385904208235
West Virginia,Arizona,3.7541316277283276
West Virginia,Arkansas,43.83586679924961
West Virginia,Colorado,11.215724961421117
West Virginia,Connecticut,1.241297248071826
West Virginia,Delaware,20.19816469375203
West Virginia,Florida,73.71344848943316
West Virginia,Georgia,357.33895014026785
West Virginia,Illinois,245.862636024724
West Virginia,Indiana,698.5583542454468
West Virginia,Iowa,61.18187576432317
West Virginia,Kansas,36.80958683956275
West Virginia,Kentucky,575.4381400543509
West Virginia,Louisiana,32.54519332446303
West Virginia,Maryland,379.24191815237805
West Virginia,Massachusetts,9.032923817309396
West Virginia,Michigan,302.151753516619
West Virginia,Minnesota,32.29507058683097
West Virginia,Mississippi,27.309492543549123
West Virginia,Missouri,154.82457313838725
West Virginia,Montana,4.26901396702048
West Virginia,Nebraska,26.00847563541636
West Virginia,Nevada,1.2102892126121834
West Virginia,New Hampshire,5.919051037444944
West Virginia,New Jersey,21.424226526258273
West Virginia,New Mexico,3.2181642468354723
West Virginia,New York,79.53650631031553
West Virginia,North Carolina,484.1436436105898
West Virginia,North Dakota,36.36248987558345
West Virginia,Ohio,1951.4470208669852
West Virginia,Oklahoma,34.436184877226715
West Virginia,Oregon,1.1272775105302364
West Virginia,Pennsylvania,1700.9576710651363
West Virginia,South Carolina,102.45388141126718
West Virginia,South Dakota,5.365750503743431
West Virginia,Tennessee,293.4663905072982
West Virginia,Texas,147.9518038376918
West Virginia,Utah,2.329743662259423
West Virginia,Virginia,236.67858125577308
West Virginia,Washington,1.3010298979402166
West Virginia,West Virginia,1341.7117597395252
West Virginia,Wisconsin,85.10398322965115
West Virginia,Wyoming,13.553777474783862
Wisconsin,Alabama,153.4377140505496
Wisconsin,Arizona,16.156877372386184
Wisconsin,Arkansas,89.54832869241923
Wisconsin,Colorado,50.609149442432724
Wisconsin,Connecticut,0.3319772747774575
Wisconsin,Delaware,2.051452411785653
Wisconsin,Florida,35.63469817798871
Wisconsin,Georgia,131.9421049242548
Wisconsin,Illinois,1095.2864276492153
Wisconsin,Indiana,1422.6641840264003
Wisconsin,Iowa,324.0998468749292
Wisconsin,Kansas,153.2447351804644
Wisconsin,Kentucky,454.7659805322322
Wisconsin,Louisiana,47.129394723427325
Wisconsin,Maryland,24.79012626938715
Wisconsin,Massachusetts,2.6686402997190872
Wisconsin,Michigan,931.6820140370495
Wisconsin,Minnesota,199.330025534724
Wisconsin,Mississippi,22.02485040222493
Wisconsin,Missouri,518.821208419881
Wisconsin,Montana,21.418315922533115
Wisconsin,Nebraska,117.16045034402138
Wisconsin,Nevada,6.808211387902927
Wisconsin,New Hampshire,2.0345296872232916
Wisconsin,New Jersey,2.9753970231813325
Wisconsin,New Mexico,14.718214059153794
Wisconsin,New York,38.266435270431785
Wisconsin,North Carolina,59.81746555120719
Wisconsin,North Dakota,183.7671706139392
Wisconsin,Ohio,659.5603350254432
Wisconsin,Oklahoma,129.72064976631273
Wisconsin,Oregon,6.10514271284063
Wisconsin,Pennsylvania,248.89931455408743
Wisconsin,South Carolina,21.43391335808821
Wisconsin,South Dakota,25.891607294204697
Wisconsin,Tennessee,175.44121337441572
Wisconsin,Texas,416.29210474652024
Wisconsin,Utah,11.852797236268968
Wisconsin,Virginia,22.96337210358256
Wisconsin,Washington,6.905597498429088
Wisconsin,West Virginia,186.84525540412594
Wisconsin,Wisconsin,1034.5421367792528
Wisconsin,Wyoming,65.29759275186255
Wyoming,Alabama,0.061765960788293196
Wyoming,Arizona,3.1163766704538323
Wyoming,Arkansas,0.06624379730021059
Wyoming,Colorado,16.117186470151445
Wyoming,Connecticut,0.00013798280184566344
Wyoming,Delaware,0.0008035843849199423
Wyoming,Florida,0.016681713998177524
Wyoming,Georgia,0.035030340913827784
Wyoming,Illinois,0.24474987400971535
Wyoming,Indiana,0.24455700598592614
Wyoming,Iowa,0.4003917097592697
Wyoming,Kansas,0.3050939356631477
Wyoming,Kentucky,0.08809614719677603
Wyoming,Louisiana,0.041367204548778826
Wyoming,Maryland,0.008308499980928143
Wyoming,Massachusetts,0.0012887783448333587
Wyoming,Michigan,0.11722296804311638
Wyoming,Minnesota,0.1825767290909462
Wyoming,Mississippi,0.012916079053341422
Wyoming,Missouri,0.33093163654090935
Wyoming,Montana,2.697726156484506
Wyoming,Nebraska,1.876675130658856
Wyoming,Nevada,2.969947204282015
Wyoming,New Hampshire,0.0007578769477036314
Wyoming,New Jersey,0.0011138041103488873
Wyoming,New Mexico,3.549132854138415
Wyoming,New York,0.009140958358652846
Wyoming,North Carolina,0.020179839272487756
Wyoming,North Dakota,2.5884506222960164
Wyoming,Ohio,0.14319168500848567
Wyoming,Oklahoma,0.268989400492298
Wyoming,Oregon,1.2777364967163447
Wyoming,Pennsylvania,0.06512065452202623
Wyoming,South Carolina,0.008816355757317686
Wyoming,South Dakota,0.08197258059714393
Wyoming,Tennessee,0.04819897212813152
Wyoming,Texas,1.4855951464960018
Wyoming,Utah,8.646555560576815
Wyoming,Virginia,0.007962523738787752
Wyoming,Washington,0.9720454183600423
Wyoming,West Virginia,0.046923386350591414
Wyoming,Wisconsin,0.1981421421042891
Wyoming,Wyoming,48.92896059248361
